{"type": "FeatureCollection", "features": [{"type": "Feature", "properties": {"identifier": "000b9f97-3f11-4434-9d10-7a2dc930accd", "name": "Hirschenb\u00fchne Stammheim", "description": "<p>Das historische Stallgeb&auml;ude wird einmal im Monat zur Theaterb&uuml;hne mit herausragenden Programmen und K&uuml;nstler und K&uuml;nstlerinnen.</p><p>Die Hirschenb&uuml;hne zeigt ein vielf&auml;ltiges und buntes Theater- und Kulturprogramm in einem famili&auml;ren und stilvollem Ambiente. Gem&uuml;tlichkeit, beste Unterhaltung und Gastfreundschaft stehen an erster Stelle. Oder wie B&auml;nz Friedli sagt: &laquo;Die Hirschenb&uuml;hne ist klein, fein und wunderbar: Hier k&ouml;nnen wir Auftretenden dem Publikum ganz nahe sein. Die Stimmung ist liebevoll und professionell zugleich, ein seltenes Gl&uuml;ck.&raquo;</p><p>Vor der Vorstellung gibt es den Theaterteller, der zusammen mit dem Theaterticket gebucht werden kann. Das Angebot reicht vom Vesperpl&auml;ttchen &uuml;ber Salat oder heissen Fleischk&auml;se bis Sp&auml;tzle oder Winzerpfanne. Hirschengastgeber Mirco Schumacher wird mit seiner saisonalen K&uuml;che begeistern.</p>", "url": "https://hirschenbuehne.ch", "image": "https://shltpimtsoch.sos-ch-dk-2.exoscale-cdn.com/catalog/0/c/2/e/0c2e0021eefb82f2ceb178d7cc160cf62998c8e2_IMG_2135__2.JPG", "openstreetmap_id": "way/295568998"}, "geometry": {"type": "Point", "coordinates": ["8.801598299999995", "47.631862"]}}, {"type": "Feature", "properties": {"identifier": "01e8a1d1-6dbd-41f7-af95-829dceb55276", "name": "Spielplatz Silberberg", "description": "<p>Der Spielplatz beim Schulhaus Silberberg verf&uuml;gt &uuml;ber ein Kletterger&uuml;st, eine Rutschbahn, Schaukeln, eine Seilbahn, eine Wasserpumpe mit Wasserlauf, einen Holzweidling, einen Pingpongtisch sowie einen Hartplatz mit Basketballkorb und Fussballtoren.</p>", "image": "https://shltpimtsoch.sos-ch-dk-2.exoscale-cdn.com/catalog/3/e/2/8/3e280a46700a9b57aeeb9a8291d2dbecb4b2cd91_thayngen_spielplatz_silberberg__1_.jpeg", "openstreetmap_id": "node/2942032248"}, "geometry": {"type": "Point", "coordinates": ["8.7000507", "47.7484672"]}}, {"type": "Feature", "properties": {"identifier": "0294b040-9301-4afe-981a-bea8c2443370", "name": "Grillstelle Schw\u00e4rzibuck", "description": "<p>Die Grillstelle befindet sich am Waldrand und bietet einen Ausblick auf die Rebberge von Hallau. Sie ist vom Parkplatz zuoberst auf dem Hallauerberg in rund 15 Gehminuten erreichbar.</p>", "image": "https://shltpimtsoch.sos-ch-dk-2.exoscale-cdn.com/catalog/9/2/f/9/92f924a657857dda75a1e55f2218981fc65cc331_Schwa__rzi_2.jpg", "openstreetmap_id": "node/2781929615"}, "geometry": {"type": "Point", "coordinates": ["8.4505232", "47.7077401"]}}, {"type": "Feature", "properties": {"identifier": "02a903c4-ff1c-45b8-902f-6646dfea9c4a", "name": "Spielplatz Promenadenpark", "description": "<p>Zur Ausstattung geh&ouml;ren ein Kletterturm, Wippen, ein Karussell, eine Schaukel, eine Seilbahn, Pingpongtische, eine Wasserstelle mit Bachlauf sowie eine grosse Wiese. Im hinteren Teil des Parks befinden sich ein Tiergehege mit Ziegen, H&uuml;hnern und G&auml;nsen sowie ein &ouml;ffentliches WC mit Wickeltisch.</p>", "image": "https://shltpimtsoch.sos-ch-dk-2.exoscale-cdn.com/catalog/0/7/4/c/074cf774fe05ccf9e38f74f5eac524cec9f257b2_sh_spielplatz_promenadenpark_faesenstaubpark.jpeg", "openstreetmap_id": "way/533475004"}, "geometry": {"type": "Point", "coordinates": ["8.62922276729075", "47.694867"]}}, {"type": "Feature", "properties": {"identifier": "02cf6518-aa33-466d-8b7e-f66b9ad7a7e2", "name": "Grillstelle L\u00e4ndlih\u00fctte", "description": "<p>Zur Ausstattung geh&ouml;ren eine Feuerstelle mit B&auml;nken, Holztische, ein Unterstand sowie eine &Ouml;ko-Toilette.</p>", "image": "https://shltpimtsoch.sos-ch-dk-2.exoscale-cdn.com/catalog/f/d/f/4/fdf41f0a5083d4b05d3784d2f52236a787e811df_schleitheim_grillstelle_laendlihuette_sommer__2_.jpg", "openstreetmap_id": "node/1022956034"}, "geometry": {"type": "Point", "coordinates": ["8.4890053", "47.7609421"]}}, {"type": "Feature", "properties": {"identifier": "045905da-293c-41c1-8026-f4477928bd28", "name": "Ob Lucken", "description": "<p>Neben einer Grillstelle und einer privaten H&uuml;tte befindet sich hier ebenfalls noch eine Startrampe f&uuml;r Gleitschirmflieger und Deltasegler. Ob Lucken ist mit dem Auto nicht erreichbar. Via Parkplatz Heidebaum gelangen Sie zu Fuss zum Aussichtspunkt.</p>", "image": "https://shltpimtsoch.sos-ch-dk-2.exoscale-cdn.com/catalog/8/6/2/2/8622e74f0271418943fe7fbaeb755ae95f33d21f_beggingen_ob_lucken_aussichtspunkt.jpg", "openstreetmap_id": "node/5041278242"}, "geometry": {"type": "Point", "coordinates": ["8.5557091", "47.7628528"]}}, {"type": "Feature", "properties": {"identifier": "04eb9924-1762-49a4-aaba-bf0fa7f12d04", "name": "Spielplatz Kirche Buchthalen", "description": "<p>Der Spielplatz liegt neben der Kirche im Quartier Buchthalen. Zur Ausstattung geh&ouml;ren ein grosses Kletterger&uuml;st, eine Rutschbahn, eine Schaukel, Wipp-Pferde, ein Spielhaus, ein Pingpongtisch sowie ein &ouml;ffentliches WC.</p>", "image": "https://shltpimtsoch.sos-ch-dk-2.exoscale-cdn.com/catalog/e/4/9/4/e4947e0f2f75fb3b8f1e94579171a9bda2e8093f_sh_spielplatz_kirche_buchthalen.jpg", "openstreetmap_id": "way/366841143"}, "geometry": {"type": "Point", "coordinates": ["8.658370820145617", "47.6965731"]}}, {"type": "Feature", "properties": {"identifier": "04f2f529-1d4c-4be9-b5f2-19fb72ceec2e", "name": "Grillstelle Langgrundh\u00fctte", "description": "<p>Daneben steht eine H&uuml;tte mit einem Unterstand, der genutzt werden kann.</p>", "image": "https://shltpimtsoch.sos-ch-dk-2.exoscale-cdn.com/catalog/c/0/3/f/c03f5a43a709870db0463de17689fdda41cdcb52_sh_buchthalen_grillstelle_langgrundhuette.JPG", "openstreetmap_id": "way/799055631"}, "geometry": {"type": "Point", "coordinates": ["8.692502573250689", "47.72384545"]}}, {"type": "Feature", "properties": {"identifier": "05b1f99c-edcf-4adc-abe1-0b8ff5875619", "name": "Biohof Tappolet", "description": "Wir verw\u00f6hnen Sie gerne mit Speisen aus der Hofk\u00fcche, wo wir hofeigene, saisonale und regionale Produkte  frisch f\u00fcr Sie verarbeiten  und in einem feinen Men\u00fc auf den Teller bringen.", "url": "http://www.tappolet-biohof.ch", "image": "https://shltpimtsoch.sos-ch-dk-2.exoscale-cdn.com/catalog/5/c/0/f/5c0f80d7f2af73740d171766c1c591433c667e78_Biohof_Tappolet1.jpg", "openstreetmap_id": "node/3197381431"}, "geometry": {"type": "Point", "coordinates": ["8.4673933", "47.6790253"]}}, {"type": "Feature", "properties": {"identifier": "0691ef83-f7f8-4c60-b042-2810ca13bb99", "name": "Grillstelle Dreispitz Hartplatz", "description": "Die Grillstelle liegt in der Freizeitanlage Dreispitz neben der Sportanlage in Herblingen. Es hat einen Grill und eine Wiese mit Tischen und B\u00e4nken.\n\nDer Dreispitz bietet noch weitaus mehr Freizeitm\u00f6glichkeiten wie Basketball- und Fussballfelder, einen Skatepark, Spielpl\u00e4tze, Tennispl\u00e4tze, Petanque und noch vieles mehr.", "image": "https://shltpimtsoch.sos-ch-dk-2.exoscale-cdn.com/catalog/c/1/a/1/c1a17294675ef56755d09d3622bff4436857d771_sh_dreispitz_geillstelle_hartplatz_juni__5_.jpeg", "openstreetmap_id": "node/4754990471"}, "geometry": {"type": "Point", "coordinates": ["8.6605381", "47.7195718"]}}, {"type": "Feature", "properties": {"identifier": "06b9c079-aa95-4ea8-aab1-81e495d3873f", "name": "Grillstelle Ob Lucken", "description": "<p>Zwischen M&auml;rz und September k&ouml;nnen dort bei geeigneten Bedingungen Gleitschirmspringer beim Start beobachtet werden.</p>", "image": "https://shltpimtsoch.sos-ch-dk-2.exoscale-cdn.com/catalog/7/4/9/f/749f50b19a91f2bb28595d9b207034318125b11d_Ob_Lucken_1.jpg", "openstreetmap_id": "node/5041278242"}, "geometry": {"type": "Point", "coordinates": ["8.555769324302675", "47.762915351668084"]}}, {"type": "Feature", "properties": {"identifier": "06d6ed8d-4cc8-475c-90bf-cb9c0d8f719d", "name": "Grillplatz B\u00e4renh\u00fctte", "description": "<p>Eine Grillstelle und diverse Sitzgelegenheiten laden zum grillieren und picknicken ein. Die B&auml;renh&uuml;tte ist nicht zug&auml;nglich.</p>", "image": "https://shltpimtsoch.sos-ch-dk-2.exoscale-cdn.com/catalog/2/6/7/c/267c7a941c33d3b63d55e30fa78fb843c13d5ebb_Ba__renhu__tte_2.jpg", "openstreetmap_id": "node/8790577173"}, "geometry": {"type": "Point", "coordinates": ["8.5896289", "47.6846047"]}}, {"type": "Feature", "properties": {"identifier": "09050e73-d101-41bf-aebe-7f2ca00c3c19", "name": "Spielplatz Weierli", "description": "<p>Der Spielplatz in Thayngen verf&uuml;gt &uuml;ber ein grosses Kletterger&uuml;st, eine Schaukel, eine Rutschbahn, eine Wippe, eine Seilbahn, ein altes Fahrzeug sowie verschiedene weitere Spielger&auml;te. Zur Anlage geh&ouml;ren zudem ein kleiner Weiher mit Enten. Die Bushaltestelle Weierli befindet sich direkt beim Spielplatz.</p>", "image": "https://shltpimtsoch.sos-ch-dk-2.exoscale-cdn.com/catalog/9/c/3/6/9c36dca897e96250bbe507857ff4261525fad5d0_thayngen_spielplatz_weierli__4_.jpeg", "openstreetmap_id": "node/469355037"}, "geometry": {"type": "Point", "coordinates": ["8.7059478", "47.7499631"]}}, {"type": "Feature", "properties": {"identifier": "0a93ce24-39aa-4b3d-b34e-431a8b4256bb", "name": "Rheinschifffahrten Wirth", "description": "<p>Wir befahren den Rhein mit Passagierschiff Rhenania und zwei Weidlingen Biber / M\u00f6ve zwischen Rekingen - Eglisau und Rheinfall.</p><p>Einstiegsorte z.B. Rekingen, Kaiserstuhl, Rheinsfelden, Eglisau, T\u00f6ssegg, R\u00fcdlingen, Ellikon, Rheinau Kloster oder beim Rheinfall, k\u00f6nnen je nach Wunsch bestimmt werden.</p><p>Gerne verw\u00f6hnen wir Sie und Ihre G\u00e4ste mit einer Schifffahrt an verschiedenen Anl\u00e4ssen z.B. Geburtstag, Gesch\u00e4ftsausfl\u00fcge, Hochzeiten, Veranstaltungen, Seniorenausfl\u00fcge, Schulreisen, Events, Weihnachtsessen kulinarisch aus unserer Ap\u00e9ro und Speisekarte.</p><p>Auf unserem Veranstaltungskalender finden Sie das ganze Jahr, verschiedene Angebote mit Brunch-Schiff, Spaghetti-Plausch, Sommerbuffet, Mittagessen, K\u00e4se-Fondue usw.</p>", "url": "http://www.schiffwirth.ch/", "image": "https://shltpimtsoch.sos-ch-dk-2.exoscale-cdn.com/catalog/7/a/d/e/7adebd847373cc9017a1ba70423674654aeb5286_IMG_20160924_WA0004_1_.jpg", "openstreetmap_id": "node/12368583297"}, "geometry": {"type": "Point", "coordinates": ["8.5244954", "47.5711809"]}}, {"type": "Feature", "properties": {"identifier": "0ae36f20-f421-4f0a-9c2a-5655579b5dee", "name": "Grillstelle Heidenbomm", "description": "Ein Picknick-Tisch sowie eine Feuerstelle laden zum Grillieren und Picknicken ein. Mit etwas Gl\u00fcck hat es Holz bei der Grillstelle. Dies ist jedoch nicht zwingend.\n\nGanz in der N\u00e4he befindet sich der Parkplatz Heidenbomm.", "image": "https://shltpimtsoch.sos-ch-dk-2.exoscale-cdn.com/catalog/b/b/1/1/bb11dba6a28f7bab8a3f49245af6f7efa383f863_beggingen_grillstelle_heidenbomm__4_.jpeg", "openstreetmap_id": "node/10207421557"}, "geometry": {"type": "Point", "coordinates": ["8.5657529", "47.7600717"]}}, {"type": "Feature", "properties": {"identifier": "0cdf4bad-39bc-4b01-bca3-ddc53b01a41d", "name": "Grillstelle am B\u00fcelweg", "description": "Eine Feuerstelle, B\u00e4nke, Picknick-Tische laden zum Grillieren ein. ", "image": "https://shltpimtsoch.sos-ch-dk-2.exoscale-cdn.com/catalog/7/a/e/4/7ae4a6e28f8373a1b1d787c1d9091dafec1d0df0_wilchingen_grillstelle_am_bueelweg_august_sommer__3_.jpeg", "openstreetmap_id": "node/9195742856"}, "geometry": {"type": "Point", "coordinates": ["8.4823084", "47.6716781"]}}, {"type": "Feature", "properties": {"identifier": "0e8e0cad-9252-4519-85a9-7254d7318bde", "name": "Blockh\u00fctte Birch 1975 mit Grillplatz", "description": "<p>Der Unterstand der H&uuml;tte darf genutzt werden.</p>", "image": "https://shltpimtsoch.sos-ch-dk-2.exoscale-cdn.com/catalog/c/6/4/c/c64cf077e390b6c8bab841f12b242802d11670e1_sh_grillplatz_blockhuette_birch.JPG", "openstreetmap_id": "way/26187391"}, "geometry": {"type": "Point", "coordinates": ["8.620125650000006", "47.721176650000004"]}}, {"type": "Feature", "properties": {"identifier": "101c4059-4859-4356-aa96-d6cf2ff931fe", "name": "Grillstelle Egerten", "description": "Die Grillstelle Egerten bietet einen \u00fcberdachten Sitzplatz und zus\u00e4tzlich einen Tisch unter freiem Himmel.", "image": "https://shltpimtsoch.sos-ch-dk-2.exoscale-cdn.com/catalog/3/c/9/5/3c95b327c9df0e2322fdb4a6b9fc77443283bcee_Egerten_1.JPG", "openstreetmap_id": "node/2379391130"}, "geometry": {"type": "Point", "coordinates": ["8.8549613", "47.6711945"]}}, {"type": "Feature", "properties": {"identifier": "1303bd9f-0142-4a28-ab17-35e048ff5f02", "name": "Chocolarium", "description": "<p>Das Chocolarium bietet einen interaktiven Erlebnis-Rundgang, Einblick in die Live Produktion und diverse Schoggi-Kurse an. Naschen erw\u00fcnscht!</p><p>Wer Schokolade liebt, kommt nicht um einen Besuch im Chocolarium herum. Auf dem interaktiven Erlebnis-Rundgang erfahren Schoggifans auf spielerische Art und Weise viel Wissenswertes \u00fcber Schokolade und wie das Gl\u00fcck hineingelangt. Von der Glasgalerie aus beobachten sie, wie die beliebten Produkte von Munz und Minor hergestellt werden.</p><p>Im neuen Raum f\u00fcr individuelles Gl\u00fcck strahlen mehrere Schokoladenbrunnen mit Fl\u00fcssigschokolade und laden dazu ein, die Geschmacksrichtungen Weiss, Milch, Dunkel, Himbeer (der erste pinkfarbene Brunnen!) und sogar vegane Gianduja zu kosten und bewerten. Naschen ist hier ausdr\u00fccklich erw\u00fcnscht.</p><p>Anschliessend kann der Erlebnis-Rundgang mit einer s\u00fcssen Erinnerung abgerundet werden: Eine frische Munz Schoggi-Tafel wird vom Show-Confiseur gegossen und kann nach Herzenslust verziert werden. Chocolarium - das vielbesuchte Ausflugsziel in der Ostschweiz heisst herzlich willkommen!</p>", "url": "https://www.chocolarium.ch/", "image": "https://shltpimtsoch.sos-ch-dk-2.exoscale-cdn.com/catalog/d/2/a/6/d2a6fb41312cda3bf971684708e1a023a0ad9b31_Mischerei_842x545.jpg", "openstreetmap_id": "way/196358285"}, "geometry": {"type": "Point", "coordinates": ["9.164934160728885", "47.4130675"]}}, {"type": "Feature", "properties": {"identifier": "1361f4d6-f950-4f64-bf8b-0d835bd0d220", "name": "Grillplatz Herrentisch", "description": "<p>Der gut ausgestattete Grillplatz liegt direkt daneben. Zu Fuss ab Wanderparkplatz Arlen dauert es circa 30 Minuten. Teilweise steiler Aufstieg.</p>", "image": "https://shltpimtsoch.sos-ch-dk-2.exoscale-cdn.com/catalog/8/8/d/f/88dfaea980c79c3560f00918dae6e3a0df14ace0_Herrentisch.jpg", "openstreetmap_id": "node/857511041"}, "geometry": {"type": "Point", "coordinates": ["8.8512798", "47.7040384"]}}, {"type": "Feature", "properties": {"identifier": "1480ff07-6051-4538-8b77-82a77237e00a", "name": "Spielplatz Mosergarten", "description": "<p>Ein Kletterger&uuml;st, eine Rutschbahn, Wipp-Pferde, eine Schaukel, ein Sandkasten und ein Ping Pong Tisch laden zum Spielen und sich austoben ein. Zus&auml;tzlich hat es auch mehrere Tische zum picknicken oder um den Kindern beim Spielen zu zusehen. Auf der rechten Seite des Pavillons hat es eine &ouml;ffentliche Toilette (Eingang um die Ecke an der Bachstrasse).</p>", "image": "https://shltpimtsoch.sos-ch-dk-2.exoscale-cdn.com/catalog/b/8/d/8/b8d8ecc4ad63a8be198dc21c55ed379e4b0e331a_sh_spielplatz_mosergarten__2_.jpeg", "openstreetmap_id": "way/533475007"}, "geometry": {"type": "Point", "coordinates": ["8.637775949999998", "47.694798250000005"]}}, {"type": "Feature", "properties": {"identifier": "15088853-63ae-48e0-83b2-59af0fb281fe", "name": "M\u00fcnsterkirche", "description": "<p>Die einstige Benediktinerabtei Allerheiligen mit der um 1106 geweihten Klosterkirche und dem M&uuml;nsterturm aus der 2. H&auml;lfte des 12. Jahrhunderts z&auml;hlt zu den wenigen, gut erhaltenen, romanischen Klosteranlagen der Schweiz. Um 1090 legte man die Grundmauern zu einem grossen, f&uuml;nfschiffigen M&uuml;nster. Der Bau blieb aber in den Fundamenten stecken und an seiner Stelle realisierte man das heutige M&uuml;nster. Der M&uuml;nsterturm wurde um 1150 errichtet, der Turmhelm ist sp&auml;tgotisch. 1524 wurde die Benediktinerabtei aufgehoben und das M&uuml;nster zur Pfarrkirche. Heute ist das M&uuml;nster Gottesdienstraum der evangelisch-reformierten Kirchgemeinde Schaffhausen-M&uuml;nster und dient ausserdem als Konzertkirche.</p>", "image": "https://shltpimtsoch.sos-ch-dk-2.exoscale-cdn.com/catalog/a/3/d/2/a3d228a7563362951f19181544bafea381e5a89b_sh_muenster_kirche_allerheiligen_juni_sommer__7_.jpeg", "openstreetmap_id": "way/25463272"}, "geometry": {"type": "Point", "coordinates": ["8.636419036867235", "47.6952851"]}}, {"type": "Feature", "properties": {"identifier": "155956e8-2e54-464f-a9dd-abeb6665617b", "name": "Bettinas Weinevents in Hallau", "description": "Reben, R\u00e4tsel, Wein, geheime Codes und Botschaften versprechen ein aussergew\u00f6hnliches Wandererlebnis.\nUm zum Wein zu kommen und die Flaschen zu \u00f6ffnen, muss die Gruppe verschiedene Teamaufgaben und R\u00e4tsel auf dem Weg l\u00f6sen.", "url": "https://www.bettinas-weinevents.ch", "image": "https://shltpimtsoch.sos-ch-dk-2.exoscale-cdn.com/catalog/6/b/7/4/6b74e32503516c6c793a4658cffebb2df9a90eb3_bettinas_weinevents.jpg", "openstreetmap_id": "way/767330992"}, "geometry": {"type": "Point", "coordinates": ["8.4645073", "47.6972953"]}}, {"type": "Feature", "properties": {"identifier": "163bce38-a278-45ad-a6d3-d1aa9c0fb64c", "name": "Wyland Usziit", "description": "<p>G\u00f6nnen Sie sich und Ihren Lieben eine Auszeit vom privaten oder dem Berufs-Alltag dank unserer Lamas, Minipigs und der Wim-Hof-Methode. Auch Gutscheine erh\u00e4ltlich!</p><p>Gerne erm\u00f6glichen wir auf unserem Lama- und Minipig-Hof nachhaltige Auszeiten f\u00fcr einzelne Personen und Gruppen. Auch Menschen mit Beeintr\u00e4chtigungen sind herzlich willkommen!</p><p>Wir bieten Spazierg\u00e4nge mit unseren Lamas, tiergest\u00fctzte Coachings, Erlebnisp\u00e4dagogik &amp; Aktivierungsprogramme f\u00fcr Heime, Schulen und Stiftungen sowie ein spannendes Angebot an Kursen (z.B. Eisbaden &amp; Atemtraining mit der Wim-Hof-Methode, Mentaltraining f\u00fcr Sportler, Outdoor Survival-Erlebnisse, Klangschalen- und Mal-Kurse, Selbstbehauptung f\u00fcr Kinder und Erwachsene, Taiji inmitten von Lamas, ...).\n</p><p>\nDabei lautet unser Motto: Geniessen, erholen &amp; dabei K\u00f6rper und Geist nachhaltig Gutes tun.\nHerzlich willkommen bei Wyland Usziit!</p><p>PS: Besuche nur auf Voranmeldung.</p>", "url": "https://www.wyland-usziit.ch", "image": "https://shltpimtsoch.sos-ch-dk-2.exoscale-cdn.com/catalog/c/f/b/a/cfbae0ced008bb29e372ef88f2ee5da9c0ef9673_LamasLarsenMelissa_amRhein__2.jpg", "openstreetmap_id": "node/5559884952"}, "geometry": {"type": "Point", "coordinates": ["8.630833625793459", "47.631083889861"]}}, {"type": "Feature", "properties": {"identifier": "171674b1-fced-40c6-aeeb-cfe1c3f51f82", "name": "Spielplatz beim Primarschulhaus", "description": "<p>Der Spielplatz bei der Primarschule ist ein &ouml;ffentlicher Spielplatz. Er darf allerdings nur ausserhalb der Schulzeiten benutzt werden.</p>", "image": "https://shltpimtsoch.sos-ch-dk-2.exoscale-cdn.com/catalog/8/4/9/c/849cbcba6fb40afe74bb5cf12501b32ea67bab2b_spielplatz_r__dlingen.jpg", "openstreetmap_id": "way/1296563025"}, "geometry": {"type": "Point", "coordinates": ["8.56633256099066", "47.57943435"]}}, {"type": "Feature", "properties": {"identifier": "171f9a04-27a8-489b-82c2-78ecb3750281", "name": "Siblinger Randenturm", "description": "<p>Auf der 19 m hohen Plattform &ouml;ffnet sich den Besuchern eine aussergew&ouml;hnliches Panorama von den Vorarlbergeralpen, &uuml;ber die Ost- und Zentralschweizer Berge bis zu den Gipfeln des Berner Oberlandes und weiter bis zu den Schwarzwaldh&ouml;hen. Atemberaubend ist auch der ungehinderte Blick auf die liebliche Landschaft des Klettgau und die W&auml;lder des Randens.</p><p>1872 wurde durch die Freunde der Naturbetrachtung ein erster Aussichtsturm auf dem Siblinger Schlossbuck erstellt. Bereits zehn Jahre sp&auml;ter wurde er allerdings von einem Sturm weggefegt und gleichen Jahres durch einen 12 m hohen Eisenfachwerkbau ersetzt. Dieser hatte eine entscheidend l&auml;ngere Lebensdauer. Er diente bis 2014 seinem Zweck. Allerdings war er so bauf&auml;llig geworden, dass ein Ersatz n&ouml;tig wurde. Der heutige, architektonisch und technisch ungew&ouml;hnliche Turm wurde im November 2014 eingeweiht.</p>", "image": "https://shltpimtsoch.sos-ch-dk-2.exoscale-cdn.com/catalog/4/2/1/f/421f7fd23381275acd9b01ecf0e521ed55a80c39_siblingen_randenturm_sonne_sommer.jpg", "openstreetmap_id": "node/1777404927"}, "geometry": {"type": "Point", "coordinates": ["8.5340233", "47.7210362"]}}, {"type": "Feature", "properties": {"identifier": "1832766f-0c84-4f54-a861-58ac7a12165c", "name": "Bergkirche St. Moritz", "description": "<p>1974 wurde sie wegen ihrer kunstgeschichtlichen und historischen Bedeutung zum Kunstdenkmal von nationaler Bedeutung erkl&auml;rt. Von 1976 bis 1978 hat man sie gr&uuml;ndlich restauriert und im Jahr 2015 erneut sanft renoviert.</p><p>Die Bergkirche kann auf Anfrage besichtigt werden. Bei Interesse melde dich bitte per Mail an: erleben@schaffhauserland.ch</p>", "url": "https://www.ref-sh.ch/kg/hallau/", "image": "https://shltpimtsoch.sos-ch-dk-2.exoscale-cdn.com/catalog/3/3/4/5/334543aa025b3408f191a77f21f69def9fa33263_hallau_bergkirche_st_moritz_reben_september_herbst__2_.jpg", "openstreetmap_id": "way/256181776"}, "geometry": {"type": "Point", "coordinates": ["8.461066748821793", "47.7024438"]}}, {"type": "Feature", "properties": {"identifier": "18d9c36a-66f4-41c9-aaba-a5ebffff35dd", "name": "Spielplatz Industrieweg", "description": "<p>Neben an befinden sich mehrere Fussballfelder.</p>", "image": "https://shltpimtsoch.sos-ch-dk-2.exoscale-cdn.com/catalog/a/0/8/2/a08203074d56bf0c4a568add0d63a3ad08ca9cad_Industrieweg_1.JPG", "openstreetmap_id": "way/1291296929"}, "geometry": {"type": "Point", "coordinates": ["8.580608715346068", "47.65140669665913"]}}, {"type": "Feature", "properties": {"identifier": "1b6fa56e-7e25-46b6-af4d-147353b00cb5", "name": "Grillstelle Hohfluh", "image": "https://shltpimtsoch.sos-ch-dk-2.exoscale-cdn.com/catalog/7/5/f/6/75f6f8b6d3f28452b58f07b8b3c3949ccbc1627f_Holflueh_3.jpg", "openstreetmap_id": "node/9195617755"}, "geometry": {"type": "Point", "coordinates": ["8.6168519", "47.6926655"]}}, {"type": "Feature", "properties": {"identifier": "1e3a82b8-5400-41e9-823e-800736d77343", "name": "Spielplatz Gega", "description": "Neben einer Kletterstruktur und einer Rutschbahn hat es eine H\u00e4ngematte und Schaukel. Auf dem Schulareal hat es zus\u00e4tzlich einen Fussball-Hartplatz, Basketball-Hartplatz und Ping Pong Tische.\n\nVom Spielplatz aus ist die Festung Munot in nur wenigen Gehminuten erreichbar.", "image": "https://shltpimtsoch.sos-ch-dk-2.exoscale-cdn.com/catalog/0/9/e/9/09e968a5cac8d31bd0c0b27ecb5d067cec63eed5_sh_spielplatz_gega_schulhaus__3_.jpeg", "openstreetmap_id": "way/533475006"}, "geometry": {"type": "Point", "coordinates": ["8.63712718940851", "47.700097850000006"]}}, {"type": "Feature", "properties": {"identifier": "1f9b5f84-6fbc-498b-977d-a2bd3a89c42e", "name": "Tellenbrunnen", "description": "<p>Wilhelm Tell ziert als Symbol des freiheitsliebenden Schweizers die Brunnens&auml;ule.</p>", "image": "https://shltpimtsoch.sos-ch-dk-2.exoscale-cdn.com/catalog/8/d/c/1/8dc16bc2f2250dee8fe53ccedc0b8cfaa504a9b2_sh_tellenbrunnen.JPG", "openstreetmap_id": "way/193305290"}, "geometry": {"type": "Point", "coordinates": ["8.636963988259705", "47.696122599999995"]}}, {"type": "Feature", "properties": {"identifier": "205ced8d-18fb-424b-9e4c-25c1a8eb2eb0", "name": "Kr\u00e4utergarten zu Allerheiligen", "description": "<p>W&auml;hrend bei den Benediktiner M&ouml;nchen der Nutzen der Heil-, Gew&uuml;rz und Gem&uuml;sepflanzen im Vordergrund stand, ist der heutige Kr&auml;utergarten ein Schaugarten und eine Oase der Ruhe. Die Pflanzen werden nicht geerntet. Neben typischen Klosterpflanzen befinden sich im Kr&auml;utergarten zu Allerheiligen Heilpflanzen, volksbotanisch bedeutende Pflanzen der Bauerng&auml;rten sowie Bibelpflanzen.</p>", "image": "https://shltpimtsoch.sos-ch-dk-2.exoscale-cdn.com/catalog/d/5/2/4/d524f803623b008670b28e3c2d768196051d8817_sh_kraeutergarten_allerheiligen_juni_sommer_1.jpg", "openstreetmap_id": "way/193331781"}, "geometry": {"type": "Point", "coordinates": ["8.636769393088347", "47.694901099999996"]}}, {"type": "Feature", "properties": {"identifier": "20e3b8ca-7c15-41d9-b912-00a1f1580268", "name": "Grillplatz Warthau", "description": "<p>Die grosse Grillstelle eignet sich dank mehreren Tischen mit B\u00e4nken sowie mehreren Feuerstellen auch f\u00fcr Gruppen.</p>", "image": "https://shltpimtsoch.sos-ch-dk-2.exoscale-cdn.com/catalog/6/9/6/5/69655560d631353511822d1c57219f8b9d6f721e_20250523_111314.jpg", "openstreetmap_id": "node/1783588844"}, "geometry": {"type": "Point", "coordinates": ["8.6687874", "47.7001892"]}}, {"type": "Feature", "properties": {"identifier": "21395cb4-8adf-4a1b-a1e1-a85aa64fdc95", "name": "Grillstelle Zelgli", "description": "<p>Dazu geh&ouml;rt eine Schutzh&uuml;tte sowie ein paar Tische und B&auml;nke.</p>", "image": "https://shltpimtsoch.sos-ch-dk-2.exoscale-cdn.com/catalog/7/c/f/2/7cf2c7897fb66667d43d6cd823c67b83cbb8cdda_randen_zaelgli_grillstelle_sommer.jpeg", "openstreetmap_id": "way/1035821154"}, "geometry": {"type": "Point", "coordinates": ["8.549152558589412", "47.74762153928219"]}}, {"type": "Feature", "properties": {"identifier": "216dedf4-88f5-4f3f-96de-1cf1acfead4d", "name": "Museum Lindwurm", "description": "<p><span data-teams=\"true\">Im Hinterhaus befinden sich St&auml;lle, Werkstatt, Getreidespeicher und die Schlafkammer des Knechts. Ein interaktives Spielzimmer l&auml;dt Kinder und Erwachsene ein, historische Kleidung anzuprobieren, Spiele zu entdecken und auf Strohmatratzen zu liegen.</span></p>", "url": "https://www.museum-lindwurm.ch/", "image": "https://shltpimtsoch.sos-ch-dk-2.exoscale-cdn.com/catalog/3/8/5/f/385fad25145a9d007d04f646d7a58d4083d8f162__X2C6993.jpg", "openstreetmap_id": "node/3124778327"}, "geometry": {"type": "Point", "coordinates": ["8.8583098", "47.6605749"]}}, {"type": "Feature", "properties": {"identifier": "21d7014d-ef12-4a2c-87a2-6b5d33c790e9", "name": "Grillstelle Trotte Peterschlatt", "image": "https://shltpimtsoch.sos-ch-dk-2.exoscale-cdn.com/catalog/a/0/1/5/a01598d4d2bb89de369f218fdc3f17df6ef77c67_Trotte_Peterschlatt_1.JPG", "openstreetmap_id": "node/1783770373"}, "geometry": {"type": "Point", "coordinates": ["8.6665849", "47.6924161"]}}, {"type": "Feature", "properties": {"identifier": "23a1b59f-456b-4464-b96e-d8701001038d", "name": "Beringer Randenturm", "description": "<p>Bevor der Beringer Randenturm (650 m. &uuml;. M) 1998 in Stahlfachwerkbauweise oberhalb von Beringen erbaut worden ist, stand hier seit 1884 ein 18 m hoher Turm.&nbsp;</p>", "url": "http://www.randenturm.ch", "image": "https://shltpimtsoch.sos-ch-dk-2.exoscale-cdn.com/catalog/f/7/3/2/f73204699753edbb080ab4f827c81d623abbad3f_beringen_randenturm_aussicht_beringer_august_sommer_21.jpg", "openstreetmap_id": "way/979838867"}, "geometry": {"type": "Point", "coordinates": ["8.580992349999999", "47.70510835"]}}, {"type": "Feature", "properties": {"identifier": "26b04102-e54e-49ba-8a58-e01d1b85d573", "name": "Grillstelle Mogerenacker", "description": "<p>Holz ist in der Regel vorhanden.</p>", "image": "https://shltpimtsoch.sos-ch-dk-2.exoscale-cdn.com/catalog/5/d/3/f/5d3feeb951830ed25b89e2eaac2a2d0b2b042829_DSC_1402.JPG", "openstreetmap_id": "node/9585938514"}, "geometry": {"type": "Point", "coordinates": ["8.6735123", "47.7250195"]}}, {"type": "Feature", "properties": {"identifier": "27ebef5a-e083-4583-9a6a-64899e00ddc3", "name": "Grillstelle F\u00f6rli", "description": "<p>Die Grillstelle befindet sich etwas abseits des Reiatwegs oberhalb von Altdorf am Waldrand. Zur Ausstattung geh&ouml;ren eine Schutzh&uuml;tte, ein Grill sowie ein Tisch mit Bank. Die Grillstelle liegt an einem schattigen Standort.</p>", "image": "https://shltpimtsoch.sos-ch-dk-2.exoscale-cdn.com/catalog/3/b/8/6/3b8666ba90130b17012c1768bed067e41d5c918c_Fo__rli_3.jpg", "openstreetmap_id": "node/8393782336"}, "geometry": {"type": "Point", "coordinates": ["8.6524174", "47.794939"]}}, {"type": "Feature", "properties": {"identifier": "284c3c5b-ecf6-4f6b-839e-89415df5c691", "name": "Alpaka R\u00fctihof", "description": "<p>Im westlichsten Zipfel des Kantons Schaffhausen, im wundersch&ouml;nen Chl&auml;ggi sind wir zuhause. Viel Rebfl&auml;che pr&auml;gen unser Landschaftsbild. &Uuml;ber die Jahre sind auf unserem Hof immer mehr verschiedene Tiere eingezogen. Zuletzt im Sommer 2021 zwei Alpakas. Sie sind die grosse Leidenschaft von mir, bereiten aber der ganzen Familie Freude. Mittlerweile ist die Herde auf sechs Tiere angewachsen. Damit auch Du diese feinf&uuml;hligen und lieben Tiere kennenlernen kannst, biete ich Spazierg&auml;nge in unserer wunderbaren Natur an.</p>", "url": "https://www.alpaka-ruetihof.ch/", "image": "https://shltpimtsoch.sos-ch-dk-2.exoscale-cdn.com/catalog/5/0/d/9/50d981c17e9aa9c0ea798ef193c2cce2ea84e462_20210729_182016.jpg", "openstreetmap_id": "way/282465574"}, "geometry": {"type": "Point", "coordinates": ["8.413384118084258", "47.6683695"]}}, {"type": "Feature", "properties": {"identifier": "2cdf848d-0db7-4d83-aeca-81025a1ba9e7", "name": "Orts- und Dichtermuseum Wilchingen", "description": "<p>Neben einer Ausstellung &uuml;ber die b&auml;uerliche Wohnkultur im Klettgau, Ger&auml;ten und Werkzeugen aus Landwirtschaft und Kleingewerbe und Darstellungen der Geologie und der Dorfgeschichte, triffst du auf Dichterstuben von Berta Hallauer, Albert B&auml;chtold und Ruth Blum sowie auf die Jakob Ritzmann Stube, welche eine wunderbare Gem&auml;ldesammlung aus dem Schaffen des Kunstmalers zeigt.</p>", "url": "https://wilchingen.ch/CMS/Webseite/Gemeinde-Wilchingen/Freizeit---Kultur-2025299-DE.html", "image": "https://shltpimtsoch.sos-ch-dk-2.exoscale-cdn.com/catalog/9/d/3/1/9d3137212f5df8cca18a1a97c23a4d59676b58d0_wilchingen_ortmuseum_dichtermuseum_oktober_herbst__5_.jpg", "openstreetmap_id": "node/3213706985"}, "geometry": {"type": "Point", "coordinates": ["8.4681705", "47.6677146"]}}, {"type": "Feature", "properties": {"identifier": "2d39f8c4-8177-48fe-bb8b-5ec2c5efa3fd", "name": "Spielplatz Dreispitz Kiesgrube", "description": "<p>Der Spielplatz der Anlage Dreispitz ist umgeben von viel Gr&uuml;n und verf&uuml;gt &uuml;ber eine Seilbahn, eine Rutschbahn, einen Weiher, einen Brunnen mit Wasserlauf sowie einen grossen Sandspielbereich. Direkt daneben befinden sich eine Picknickstelle mit Sitzarena und eine Feuerstelle.</p>", "image": "https://shltpimtsoch.sos-ch-dk-2.exoscale-cdn.com/catalog/9/6/1/b/961bb014ae841b9b5f5a1627e4fca161efa40b1d_sh_dreispitz_spielplatz_kiesgrube__1_.jpeg", "openstreetmap_id": "way/400021753"}, "geometry": {"type": "Point", "coordinates": ["8.659835366135482", "47.72079185"]}}, {"type": "Feature", "properties": {"identifier": "311e6acb-0c44-42c6-934e-63cf36a597c9", "name": "Spielplatz Emmersberg", "description": "<p>Der Spielplatz beim Schulhaus Emmersberg bietet ein grosses Kletterger&uuml;st, einen Pingpongtisch sowie einen Brunnen mit Wasserlauf und Weiher. Dank der N&auml;he zur Festung Munot eignet er sich ideal f&uuml;r einen Familienausflug und verbindet Spiel und Erholung mit einem Besuch der Schaffhauser Sehensw&uuml;rdigkeit.</p>", "image": "https://shltpimtsoch.sos-ch-dk-2.exoscale-cdn.com/catalog/4/5/4/2/454257c8548bf1718ad9ee285fc0886397b7a9ad_sh_spielplatz_emmersberg__2_.jpeg", "openstreetmap_id": "way/1116277374"}, "geometry": {"type": "Point", "coordinates": ["8.638692788489735", "47.70046335"]}}, {"type": "Feature", "properties": {"identifier": "3269ab2d-c0ef-4567-825b-3f3e82dd9864", "name": "Grillstelle Eggfeld", "description": "<p>Die kleine Grillstelle ist mit einem Grill, einigen Sitzsteinen sowie einem Unterstand ausgestattet.</p>", "image": "https://shltpimtsoch.sos-ch-dk-2.exoscale-cdn.com/catalog/8/b/e/3/8be385d6e3d55916c3cac131023775db420ab0c3_Eggfeld_2.jpg", "openstreetmap_id": "node/12165157862"}, "geometry": {"type": "Point", "coordinates": ["8.7035787", "47.7201772"]}}, {"type": "Feature", "properties": {"identifier": "32ff9d7f-953a-49ba-a59f-3765bd3a1c3e", "name": "Grillstelle H\u00f6hle Winterlisl\u00f6chli", "description": "<p>Der Name der H\u00f6hle \u00abWinterlisl\u00f6chli\u00bb geht nach der Erz\u00e4hlung alter Wilchinger auf eine Hausiererin mit dem Namen \u00abWinterlise\u00bb zur\u00fcck, die dort jeweils auf ihrer Wanderschaft f\u00fcr einige Zeit gehaust haben soll. Heute dient sie den Rebleuten des darunter liegenden Rebberges \u00abim Hohlenberg\u00bb im Sommer als k\u00fchler schattiger Platz um eine Arbeitspause einzuschalten, und im Herbst dann um am Feuer die traditionellen Herbstersch\u00fcblinge zu br\u00e4teln. Platz f\u00fcr max. 60 Personen. Die Verwaltung und ggf. Bewirtung in der der H\u00f6hle wird von Silvia und Markus Gysel \u00fcbernommen.</p>", "image": "https://shltpimtsoch.sos-ch-dk-2.exoscale-cdn.com/catalog/5/d/3/4/5d34b526926aaadc3ec200a5be6527cca74f9eda_osterfingen_hoehle_winterlisloechli_mai_fruehling.jpg", "openstreetmap_id": "node/2788345971"}, "geometry": {"type": "Point", "coordinates": ["8.4764656", "47.6634352"]}}, {"type": "Feature", "properties": {"identifier": "33334310-d1a3-4b30-bb1c-9eb9acbe3c1b", "name": "Munot", "description": "<p>Die Festung Munot wurde im 16. Jahrhundert von den Schaffhauser B&uuml;rgern in Fronarbeit erbaut und pr&auml;gt das Bild der Schaffhauser Altstadt bis heute. Das Wahrzeichen der Stadt ist ein Anziehungspunkt f&uuml;r Touristen wie auch Einheimische. Auf seiner Zinne finden Open Air Kinos, Kinderfeste, Tanzveranstaltungen und andere Veranstaltungen statt.</p><p><strong>Munotgl&ouml;cklein</strong><br>Im Turm befindet sich die Wohnung der Munotw&auml;chterin, sie l&auml;utet jeden Abend um 21:00 Uhr - von Hand - das bekannte Munotgl&ouml;cklein. Im Sommer 2002 wurde das Gl&ouml;cklein repariert und seit dem 26. August 2002 wird die Glocke auf dem Turm - wie seit 1589 - nun wieder jeden Abend um neun Uhr w&auml;hrend f&uuml;nf Minuten von Hand gel&auml;utet.</p>", "url": "https://munot.ch/", "image": "https://shltpimtsoch.sos-ch-dk-2.exoscale-cdn.com/catalog/c/9/0/0/c900bfa55011ead490a48cadbadf0e2ffa8516a2_sh_munot_festung_vonoben_juni_sommer__8_.jpg", "openstreetmap_id": "way/4812268"}, "geometry": {"type": "Point", "coordinates": ["8.639892613826817", "47.6968942"]}}, {"type": "Feature", "properties": {"identifier": "3339f8b5-678c-4921-aaea-17e96d7add5f", "name": "Grillstelle Tisch und B\u00e4nk", "description": "<p>Die Grillstelle liegt unter Kastanienb&auml;umen und bietet einen Blick auf die Bergkirche St. Moritz. Sie wird h&auml;ufig von Gruppen f&uuml;r Ap&eacute;ros und von Familien f&uuml;r kleine Feste genutzt und ist mit dem Auto oder Velo gut erreichbar.</p>", "image": "https://shltpimtsoch.sos-ch-dk-2.exoscale-cdn.com/catalog/d/7/5/a/d75ae2791cef212ec39ae97879c870b8a133d1dc_Tisch___Ba__nk_1.jpg", "openstreetmap_id": "node/9382653095"}, "geometry": {"type": "Point", "coordinates": ["8.4568364", "47.7054502"]}}, {"type": "Feature", "properties": {"identifier": "33afc69f-8b7d-4a3e-a890-a432a052ec6c", "name": "Hofackerzentrum Schaffhausen", "description": "<p>Das HofAckerZentrum mit seinem grossen Saal, dem einladenden Foyer und den drei zus\u00e4tzlichen Sitzungsr\u00e4umen eignet sich dank moderner Infrastruktur und guter Erreichbarkeit ideal f\u00fcr Tagungen, Konzerte, Sitzungen, Firmen-, Vereins- und Privatanl\u00e4sse.</p>", "url": "https://www.ref-sh.ch/kg/buchthalen/hofackerzentrum", "image": "https://shltpimtsoch.sos-ch-dk-2.exoscale-cdn.com/catalog/7/b/b/d/7bbda0d3a718f7b42f04e374c4a3470f1a16a15e_sh_hofackerzentrum_oktober_herbst.jpg", "openstreetmap_id": "way/168408693"}, "geometry": {"type": "Point", "coordinates": ["8.659376321342368", "47.697152700000004"]}}, {"type": "Feature", "properties": {"identifier": "35d8c9b0-c694-48fb-bdbf-4859cb4ed6a6", "name": "Schwarzer Stein", "description": "Der Grenzstein liegt in der Gemeinde Bargen und tr\u00e4gt die Nummer 593. Im Schaffhauser Dialekt wird dieser auch \u00abSchwarze Staa\u00bb genannt.", "image": "https://shltpimtsoch.sos-ch-dk-2.exoscale-cdn.com/catalog/9/f/8/9/9f89699230846b89b74a97614c6a00ad6689e500_Naturpark_Schaffhausen_9981.jpg", "openstreetmap_id": "node/440334043"}, "geometry": {"type": "Point", "coordinates": ["8.5680293", "47.8084276"]}}, {"type": "Feature", "properties": {"identifier": "367e60ae-fa95-42ff-a54c-56b333d53696", "name": "Grillstelle \u00aboberhalb der Reben\u00bb", "description": "Sie ist mit einer gedeckten Feuerstelle und einem Tisch mit zwei B\u00e4nken sowie einer Bank, um die Aussicht zu geniessen, ausgestattet.\nVon der Bushaltestelle \u00abL\u00f6hningen, Dorf\u00bb erreicht man den Grillplatz in rund 15 Gehminuten. Direkt hinter dem Grillplatz beginnt der Wald.", "image": "https://shltpimtsoch.sos-ch-dk-2.exoscale-cdn.com/catalog/1/3/3/a/133af0c1a6f4c9eaf38be1421233b6c7c2416af8_loehningen_grilstelle_oberhalb_reben_feuerstelle_oktober_herbst__2_.jpg", "openstreetmap_id": "node/10216810893"}, "geometry": {"type": "Point", "coordinates": ["8.5597342", "47.7027188"]}}, {"type": "Feature", "properties": {"identifier": "37c274ea-40d6-412d-8aa7-d0da3d9558f8", "name": "Spielplatz Engi", "description": "<p>ADer Spielplatz Engi verf&uuml;gt &uuml;ber einen Kletterw&uuml;rfel, eine Rutsche, eine Wippe, eine Schaukel, ein Spielhaus, einen Tischtennistisch sowie eine kleine Grillstelle.</p>", "image": "https://shltpimtsoch.sos-ch-dk-2.exoscale-cdn.com/catalog/3/b/d/3/3bd37686edf666623673522edcece1c311d6fe37_engi.jpg", "openstreetmap_id": "way/347276838"}, "geometry": {"type": "Point", "coordinates": ["8.60087151841612", "47.695727500000004"]}}, {"type": "Feature", "properties": {"identifier": "38b21ddd-0a7a-41c4-8779-8fceed1e4d21", "name": "Grillplatz Santiergen", "description": "<p>Dieses befindet sich auf der Anh&ouml;he oberhalb von Schleitheim und bietet einen tollen Ausblick &uuml;ber das Dorf.</p>", "image": "https://shltpimtsoch.sos-ch-dk-2.exoscale-cdn.com/catalog/4/e/5/7/4e57bc2d0c7fb39dc42917c4fab29df0e98f8c9f_Santiergen_3.jpg", "openstreetmap_id": "node/8790357583"}, "geometry": {"type": "Point", "coordinates": ["8.4869503", "47.7424127"]}}, {"type": "Feature", "properties": {"identifier": "3b632222-d37b-452c-9310-3b083efff037", "name": "Grillplatz \u00abAuf dem Hurbig\u00bb", "description": "<p>Die schlichte Hurbigh&uuml;tte kann gemietet werden (ohne Inneneinreichtung).</p>", "url": "https://www.buchberg.ch/dorfleben/freizeit/waldhuetten/waldhuette-hurbig.html/115", "image": "https://shltpimtsoch.sos-ch-dk-2.exoscale-cdn.com/catalog/1/8/7/7/1877dc75b0d46f5889dba1bdc2be45e930739010_auf_dem_Hurbig__1_.JPG", "openstreetmap_id": "node/120247486"}, "geometry": {"type": "Point", "coordinates": ["8.56268", "47.57546"]}}, {"type": "Feature", "properties": {"identifier": "3b89891f-934a-49fc-835e-b707cfe765d8", "name": "Grillstelle Gw\u00f6lb", "description": "Die Grillstelle Gw\u00f6lb ist mit einer Feuerstelle und B\u00e4nken ausgestattet. ", "image": "https://shltpimtsoch.sos-ch-dk-2.exoscale-cdn.com/catalog/9/8/5/7/98575e70db3dc216af0450e908f03ce8b0453831_Gwo__lb_1..jpg", "openstreetmap_id": "node/2790392404"}, "geometry": {"type": "Point", "coordinates": ["8.6897284", "47.7263478"]}}, {"type": "Feature", "properties": {"identifier": "3ca91302-81c0-49c3-8523-824f6a1f3562", "name": "Grillplatz Warthau", "description": "<p>Der Grillplatz befindet sich bei der Waldh&uuml;tte Warthau in einem Wald. Die Waldh&uuml;tte kann gemietet werden und bietet Platz f&uuml;r bis zu 50 Personen.</p>", "url": "https://www.buchberg.ch/dorfleben/freizeit/waldhuetten/waldhuette-warthau.html/111", "image": "https://shltpimtsoch.sos-ch-dk-2.exoscale-cdn.com/catalog/2/b/c/4/2bc4fc6c039558a673e9704c31b1ae297b59179c_Grillplatz_Waldh__tte_Warth_2.jpg", "openstreetmap_id": "node/13069410"}, "geometry": {"type": "Point", "coordinates": ["8.55307", "47.58875"]}}, {"type": "Feature", "properties": {"identifier": "3ca9a730-e208-48b0-93b3-e26c065d9902", "name": "Grillstelle Chroobachh\u00fctte", "description": "<p>Ebenfalls kann vom Grillplatz aus eine traumhafte Aussicht genossen werden. H&uuml;tte kann nicht genutzt werden.</p>", "image": "https://shltpimtsoch.sos-ch-dk-2.exoscale-cdn.com/catalog/5/8/0/9/580985a925b4914a31270c9fb5638f84276ec631_IMG_8821.JPG", "openstreetmap_id": "node/889380158"}, "geometry": {"type": "Point", "coordinates": ["8.8466605", "47.70307"]}}, {"type": "Feature", "properties": {"identifier": "3ccae312-1cd0-468f-b5e5-54c0dec2cf94", "name": "Spielplatz Burgunvilla", "description": "<p>Der Rheinfall liegt rund 15 Gehminuten entfernt.</p>", "image": "https://shltpimtsoch.sos-ch-dk-2.exoscale-cdn.com/catalog/8/2/1/8/8218d15597cd3d3f9926aded9b9ca80bb9863fcd_IMG_8534.jpeg", "openstreetmap_id": "node/6503538211"}, "geometry": {"type": "Point", "coordinates": ["8.621731", "47.6854842"]}}, {"type": "Feature", "properties": {"identifier": "3e122f8d-8563-4a28-931a-0474d6598d0e", "name": "Grillstelle Wolfsbuck mitte", "description": "<p>Sie bietet ausreichend Platz und ist vom Parkplatz aus in wenigen Gehminuten erreichbar. Der Rastplatz befindet sich am Rollstuhlwanderweg.</p>", "image": "https://shltpimtsoch.sos-ch-dk-2.exoscale-cdn.com/catalog/8/b/e/0/8be0e6126a56f6d134f620bc4f006611fbe4da0f_DSC_5009.JPG", "openstreetmap_id": "node/1930141844"}, "geometry": {"type": "Point", "coordinates": ["8.6002771", "47.7069704"]}}, {"type": "Feature", "properties": {"identifier": "417081f0-d7cb-440c-baf2-ae3ca0634797", "name": "Grillstelle H\u00f6hgasse", "description": "<p>Die Grillstelle ist mit einer Feuerstelle sowie einem Tisch mit B&auml;nken ausgestattet. Direkt daneben befindet sich eine Wiese mit einem Fussballfeld.</p>", "image": "https://shltpimtsoch.sos-ch-dk-2.exoscale-cdn.com/catalog/1/6/7/7/1677efaee128b801583ef2aeaa2d389a2342e01d_Ho__hgasse_4..jpg", "openstreetmap_id": "node/8467852546"}, "geometry": {"type": "Point", "coordinates": ["8.6614998", "47.698771"]}}, {"type": "Feature", "properties": {"identifier": "41f59348-df57-4a0a-8503-66a76a8c2599", "name": "Grillstelle Tannb\u00fcel", "description": "Kleine, h\u00fcbsche Grillstelle im schattenspendenden Wald im Naturschutzgebiet Tannb\u00fcel.\n\nVor Ort hat es eine Feuerstelle, Tische mit B\u00e4nken und eventuell Holz (nicht garantiert).\n", "image": "https://shltpimtsoch.sos-ch-dk-2.exoscale-cdn.com/catalog/1/a/4/9/1a49df0b11f3274ca5aa9168644d0c8de33375f5_bargen_grillstelle_tannbuel.jpeg", "openstreetmap_id": "node/6512938976"}, "geometry": {"type": "Point", "coordinates": ["8.5835936", "47.7994133"]}}, {"type": "Feature", "properties": {"identifier": "428f51d3-01cb-47d3-89dd-c885b4180c6a", "name": "Mohrenbrunnen", "description": "Fr\u00fcher wurde der Mohrenbrunnen Schwertbrunnen genannt. 1535 wurde der damalige Holzbrunnen durch einen aus Stein ersetzt. Die S\u00e4ule stammt von 1520. Benannt wurde der Mohrenbrunnen nach dem als Mohr dargestellten Kaspar, dem j\u00fcngsten der Heiligen Drei K\u00f6nige mit Krummschwert, Goldpokal und Wappenschild. Im Volksmund liebevoll \u00abde Mohrejoggeli\u00bb genannt. Diese originelle Brunnenfigur symbolisiert den wohlhabenden Stadtb\u00fcrger.", "image": "https://shltpimtsoch.sos-ch-dk-2.exoscale-cdn.com/catalog/e/d/9/f/ed9f2f95c057b192b2bb0bef510f75c72b55cd52_Mohrenbrunnen_sh__3_.JPG", "openstreetmap_id": "node/274768321"}, "geometry": {"type": "Point", "coordinates": ["8.6334453", "47.697176"]}}, {"type": "Feature", "properties": {"identifier": "439697dc-2da1-4bb8-a05d-4a9a0130e98f", "name": "Waldspielplatz Engeweiher", "description": "<p>Der Spielplatz liegt in der N&auml;he des Engeweihers. Zur Ausstattung geh&ouml;ren ein Spielger&uuml;st mit Rutschbahn, eine Schaukel, eine Seilbahn sowie eine Grillstelle mit Pergola.</p>", "image": "https://shltpimtsoch.sos-ch-dk-2.exoscale-cdn.com/catalog/d/e/1/f/de1f306f491a80b4c9aec9a97d08e789f72037dc_sh_engeweiher_spielplatz_waldspielplatz__1_.jpeg", "openstreetmap_id": "way/589821012"}, "geometry": {"type": "Point", "coordinates": ["8.60902471373645", "47.70314105"]}}, {"type": "Feature", "properties": {"identifier": "4431f929-d69f-471d-ac67-a3e5905014a4", "name": "Grillstelle Cholr\u00fcti", "description": "<p>Die Grillstelle Cholr&uuml;ti befindet sich oberhalb von Merishausen in der N&auml;he des Jakobsfelsens. Zur Ausstattung geh&ouml;ren ein Grill und Sitzgelegenheiten.</p>", "image": "https://shltpimtsoch.sos-ch-dk-2.exoscale-cdn.com/catalog/2/a/8/8/2a8847c290da9febb4b5047abe8ac2954c680598_cholr__ti.jpg", "openstreetmap_id": "node/9452934657"}, "geometry": {"type": "Point", "coordinates": ["8.6256458", "47.7618254"]}}, {"type": "Feature", "properties": {"identifier": "44fed763-247e-4cc9-9856-32092ac427be", "name": "Grillstelle Gallee", "description": "<p>Es hat eine Feuerstelle sowie Holzb&auml;nke.</p>", "image": "https://shltpimtsoch.sos-ch-dk-2.exoscale-cdn.com/catalog/d/1/b/6/d1b69ddb4c5dd6d12d071caf1d0d1c3710a8783a_Wilchingen_Gallee_Wilchingen__7_.JPG", "openstreetmap_id": "node/10216810890"}, "geometry": {"type": "Point", "coordinates": ["8.4750871", "47.6676884"]}}, {"type": "Feature", "properties": {"identifier": "46041e39-9c93-44dd-a28d-de9d78933127", "name": "Ruine Radegg", "description": "<p>Durch die Westmauer, wo jetzt ein Holzsteg angebracht ist, f&uuml;hrten sehr wahrscheinlich eine Zugbr&uuml;cke und ein Burgtor ins Wohngeb&auml;ude. Die Burg wurde um 1200 zum ersten Mal erw&auml;hnt. Die Herren von Rossberg besassen G&uuml;ter in Osterfingen, L&ouml;hningen, Beringen, Guntmadingen und Trasadingen. Die Burg wurde wom&ouml;glich bei K&auml;mpfen mit dem umliegenden Adel zerst&ouml;rt. Die auf dem Gel&auml;nde der Vorburg gefundenen Bogen- und Armbrustpfeile sowie die Feuerspuren weisen auf diesen Untergang hin.</p>", "image": "https://shltpimtsoch.sos-ch-dk-2.exoscale-cdn.com/catalog/7/9/7/b/797b7ce8c28c2d653f4c142e891736822914d030_wilchingen_ruine_radegg_oktober_herbst__4_.jpg", "openstreetmap_id": "node/469281641"}, "geometry": {"type": "Point", "coordinates": ["8.506737", "47.6518137"]}}, {"type": "Feature", "properties": {"identifier": "4616761a-c0e9-40db-bc32-540faa23b6d3", "name": "Stein am Rhein", "description": "Der Charme dieses mittelalterlichen St\u00e4dtchens zieht die Besucher sofort in seinen Bann. Hoch \u00fcber der Altstadt thront die Burg Hohenklingen. Der Aufstieg wird belohnt durch eine atemberaubende Aussicht \u00fcber den s\u00fcdlichen Hegau, den Bodensee und die Rheinlandschaft.", "image": "https://shltpimtsoch.sos-ch-dk-2.exoscale-cdn.com/catalog/3/8/d/6/38d63e120841dc55c02ff22ea693e1bebd5d6882_SteinamRhein_Altstadt_Brunnen_Fassaden_Sonne_Juli.jpg", "openstreetmap_id": "way/145219187"}, "geometry": {"type": "Point", "coordinates": ["8.8596129", "47.6593787"]}}, {"type": "Feature", "properties": {"identifier": "4858551c-bcb7-4632-b5fa-84bd9adeff9e", "name": "Gipsmuseum mit Bergwerksstollen", "description": "<p>Der Gipsabbau in ober- und unterirdischen Br&uuml;chen bedeutete im 18. und 19. Jahrhundert f&uuml;r die ganze Region Schleitheim Arbeit und Verdienst. Schleitheimer Gips war ein begehrtes Produkt.</p><p>Heute k&ouml;nnen G&auml;ste auf den Spuren der fr&uuml;heren Gipsbrecher rund 200 Meter tief ins Berginnere vordringen, bis wie einst den Bergleuten ein kleines Seelein Einhalt gebietet. Wasser- und Lufttemperatur im Stollen liegen im Sommer und im Winter bei ca. 10 Grad. Durch die bergm&auml;nnisch gesicherten und periodisch kontrollierten Stollen in die vor ca. 240 Mio. Jahren abgelagerte Gipsschicht einzudringen ist ein faszinierendes und zugleich lehrreiches Erlebnis.</p>", "url": "http://www.museum-schleitheim.ch/", "image": "https://shltpimtsoch.sos-ch-dk-2.exoscale-cdn.com/catalog/f/6/a/0/f6a01d5ad240f0762d673313201b67b7abbc0d72_schleitheim_gipsstollen_gipsberwerk_september_spaetsommer_herbst_076.jpg", "openstreetmap_id": "way/279408443"}, "geometry": {"type": "Point", "coordinates": ["8.460860368125857", "47.748710200000005"]}}, {"type": "Feature", "properties": {"identifier": "4c08c5bf-e397-4c99-885e-cfb232eee975", "name": "Grillstelle Winkelacker", "description": "<p>Die Grillstelle Winkelacker befindet sich nahe am Waldrand. Zur Ausstattung geh&ouml;ren eine Feuerstelle sowie eine Tischbank.</p>", "image": "https://shltpimtsoch.sos-ch-dk-2.exoscale-cdn.com/catalog/6/f/8/a/6f8a17342dbb957713241b1e74beed9b7d56888a_grillstelle_winkelacker_feuerstelle_tisch_bank.jpg", "openstreetmap_id": "node/9440630161"}, "geometry": {"type": "Point", "coordinates": ["8.8501204", "47.699099"]}}, {"type": "Feature", "properties": {"identifier": "4cd431c8-671b-481d-ad91-32fd79685d1f", "name": "Grillstelle Chollblatzh\u00fctte", "description": "<p>Die Grillstelle befindet sich bei der Chollblatzh&uuml;tte an der Strasse zum Restaurant Rossberghof. Parkm&ouml;glichkeiten sind direkt bei der H&uuml;tte vorhanden.</p>", "image": "https://shltpimtsoch.sos-ch-dk-2.exoscale-cdn.com/catalog/2/2/d/d/22dd161dd689e7e14d95437efd53ed729b31ddf8_Wilchingen_Chohlplatzh__tte_Wilchingen__2_.JPG", "openstreetmap_id": "node/4722109197"}, "geometry": {"type": "Point", "coordinates": ["8.526928", "47.6555523"]}}, {"type": "Feature", "properties": {"identifier": "4dc67bd3-9c35-4da1-b530-edc4c5233fbc", "name": "Grillstelle Hohberg", "description": "Die Grillstelle Hohberg hat eine Feuerstelle und ausreichend Tische und B\u00e4nke. Ebenfalls kann von der Grillstelle aus eine sch\u00f6ne Aussicht genossen werden.", "image": "https://shltpimtsoch.sos-ch-dk-2.exoscale-cdn.com/catalog/7/1/9/9/719971de5987d704555ef71c7717789db28df363_Hohberg_4..jpg", "openstreetmap_id": "node/7315101290"}, "geometry": {"type": "Point", "coordinates": ["8.65252", "47.722702"]}}, {"type": "Feature", "properties": {"identifier": "504f1d3f-7b18-458b-a628-cc537e4deb2d", "name": "Grillstelle Staufenberg", "description": "Die Grillstelle liegt an einem Wanderwerg und am Waldrand. Von Schleitheim aus ben\u00f6tigt man etwa 30min.\nEine Feuerstelle sowie vier Tische mit B\u00e4nken machen die Grillstelle zum perfekten Grillplatz f\u00fcr Gruppen. Zus\u00e4tzlich hat es Feuerholz vor Ort (ohne Garantie). \nDie Holz-Liegebank l\u00e4dt zum Aussicht geniessen und Sonne tanken ein.", "image": "https://shltpimtsoch.sos-ch-dk-2.exoscale-cdn.com/catalog/5/4/5/9/5459a4d0457f307cfae6274a0bd66cdf4a5396f6_schleitheim_grillstelle_staufenberg_aussicht_oktober_herbst__6_.jpg", "openstreetmap_id": "way/903772891"}, "geometry": {"type": "Point", "coordinates": ["8.485115187127203", "47.7579087"]}}, {"type": "Feature", "properties": {"identifier": "5065fcb4-ad77-4587-9635-d82b9c961670", "name": "Spielplatz Schauweckergut", "description": "<p>Dieser Spielplatz liegt fast direkt am Rhein. Einmal &uuml;ber die Strasse und Sie k&ouml;nnen die F&uuml;sse im k&uuml;hlen Wasser baumeln lassen oder ganz reinspringen. Der kleine Spielplatz ist mit einer Rutschbahn, Schaukeln, einem Sandkasten, einem Weidling, einer Wippe und einem Wipp-Pferd ausgestattet. Ebenfalls hat es eine grosse Wiese mit Ping Pong Tischen und Picknick Tischen. &Uuml;ber die Strasse hat es eine &ouml;ffentliche Toilette.</p>", "image": "https://shltpimtsoch.sos-ch-dk-2.exoscale-cdn.com/catalog/e/c/a/f/ecafb6f1ef4aa8b73a04518326fbcfd58c011953_sh_spielplatz_schauwerchersches_Gut__3_.jpeg", "openstreetmap_id": "way/761592599"}, "geometry": {"type": "Point", "coordinates": ["8.646495393712579", "47.695096500000005"]}}, {"type": "Feature", "properties": {"identifier": "5081f855-b693-4cc1-adab-f0fdf62f838e", "name": "Grillplatz Unteres Kraftwerk Rheinau", "description": "<p>Sie bietet einen sch&ouml;nen Ort f&uuml;r eine Rast oder einen gem&uuml;tlichen Aufenthalt in naturnaher Umgebung.</p>", "image": "https://shltpimtsoch.sos-ch-dk-2.exoscale-cdn.com/catalog/9/2/c/7/92c718bfd7323cbc6bf6b730fdd289c926038ef0_Hochrheinfahrt_rheinau_unt_hilfswehr_unterwasser_b.JPG", "openstreetmap_id": "node/9993291773"}, "geometry": {"type": "Point", "coordinates": ["8.5974747", "47.6373719"]}}, {"type": "Feature", "properties": {"identifier": "57101e1e-1fc6-46c5-9b03-b57165478f5e", "name": "Grillstelle Ruth Blum-Tisch", "description": "<p>Die Grillstelle ist mit einer Feuerstelle, einem Steintisch und einer fantastischen Aussicht ausgestattet.</p>", "image": "https://shltpimtsoch.sos-ch-dk-2.exoscale-cdn.com/catalog/4/e/a/d/4eadd60edaa04ae5476382534c16727ee098df9c_Wilchingen_Bluemetisch_Wilchingen__7_.JPG", "openstreetmap_id": "node/10223640961"}, "geometry": {"type": "Point", "coordinates": ["8.4758085", "47.6518933"]}}, {"type": "Feature", "properties": {"identifier": "574b9a0f-4a8a-453a-b850-197fa0889f6b", "name": "Grillstelle Blockh\u00fctte Guntmadingen", "description": "Die Feuerstelle, eine H\u00fctte mit einem Tisch und B\u00e4nken und eine grosse Wiese ganz in der N\u00e4he des Dorfes Guntmadingen laden zum Verweilen ein.\n", "image": "https://shltpimtsoch.sos-ch-dk-2.exoscale-cdn.com/catalog/f/a/1/3/fa13796e62773875ccb86846be3e67a27dad25fb_guntmadingen_grillstelle_blockhuette_august_sommer__9_.jpeg", "openstreetmap_id": "node/10207383948"}, "geometry": {"type": "Point", "coordinates": ["8.5556981", "47.6816889"]}}, {"type": "Feature", "properties": {"identifier": "59dc7bab-29e9-4b4f-8166-9b10ca28ced8", "name": "Grillstelle Mogerenweiher", "description": "<p>Die Grillstelle Mogerenweiher ist mit einer Feuerstelle sowie mehreren Tischen mit B&auml;nken ausgestattet.</p>", "image": "https://shltpimtsoch.sos-ch-dk-2.exoscale-cdn.com/catalog/f/e/a/8/fea81cc29c125ece2771c79751ff5f2cd0777198_sh_grillstelle_mogerenweiher__2_.JPG", "openstreetmap_id": "node/5514391925"}, "geometry": {"type": "Point", "coordinates": ["8.6714228", "47.7272866"]}}, {"type": "Feature", "properties": {"identifier": "5d4a985a-66e7-48bc-adba-f7d5cf755adc", "name": "Grillplatz Chr\u00fczweg", "description": "<p>Direkt daneben liegt der Parkplatz Chr&uuml;zweg, welcher der Ausgangspunkt f&uuml;r die Wanderung zur Buchbergh&uuml;tte ist. Der Grillplatz ist bequem mit dem Auto erreichbar.</p>", "image": "https://shltpimtsoch.sos-ch-dk-2.exoscale-cdn.com/catalog/f/3/e/9/f3e9768442b8c3ab0932399dec63de854c61ae4f_sh_hemmental_grillstelle_chruezweg_kreuzweg_juli__1_.jpeg", "openstreetmap_id": "way/35953423"}, "geometry": {"type": "Point", "coordinates": ["8.576470547800687", "47.7460791"]}}, {"type": "Feature", "properties": {"identifier": "5e7e6110-e28b-4b32-8134-76b4d66a2e37", "name": "Grillstelle Warthaubr\u00fcnneli", "description": "<p>Die Grillstelle beim Pumpwerk verf&uuml;gt &uuml;ber eine Feuerstelle, Sitzm&ouml;glichkeiten sowie einen Unterstand.</p>", "image": "https://shltpimtsoch.sos-ch-dk-2.exoscale-cdn.com/catalog/2/8/2/c/282c3afca50b84263be96daa30b15c0dfd69cf18_sh_buchthalen_grillstelle_warthaubruenneli_feuerstelle_buchthalerwald.JPG", "openstreetmap_id": "node/10216810889"}, "geometry": {"type": "Point", "coordinates": ["8.6724251", "47.7012469"]}}, {"type": "Feature", "properties": {"identifier": "5f1f62c0-05ca-44fe-978e-6d56a1d5d0c5", "name": "Grillstelle Staam\u00fcri", "image": "https://shltpimtsoch.sos-ch-dk-2.exoscale-cdn.com/catalog/e/f/2/1/ef2145c4b66f884ef0f18801f66dae664491a0ab_Staamu__ri_5..jpg", "openstreetmap_id": "node/10223640969"}, "geometry": {"type": "Point", "coordinates": ["8.4952661", "47.6548064"]}}, {"type": "Feature", "properties": {"identifier": "5f4e34a1-4382-40de-9616-05f8b8c013ca", "name": "Waldfriedhof Schaffhausen", "description": "<p><strong>Achtung: Auskunft &uuml;ber die Aktivit&auml;ten der Gl&uuml;hw&uuml;rmchen auf der Homepage der Stadt Schaffhausen (siehe Kontakt Webseite).</strong></p><p>Nach dem Vorbild des Waldfriedhofes M&uuml;nchen projektierte der M&uuml;nchner Stadtbaurat Gr&auml;ssel die Anlage in einem Teil des Rheinhardwaldes. Harmonisch in den bestehenden Buchenwald eingebettet, sind auf einer Fl&auml;che von rund 17 ha verschiedene Grabfelder, Familiengr&auml;ber und Kunstwerke aller Art zu finden. Der Eingangsbereich wird von der markanten Abdankungshalle mit Krematorium gepr&auml;gt. Bemerkenswert ist die Urnennischenanlage sowie die Grabanlage f&uuml;r die Opfer der Bombardierung von 1944. Der Waldfriedhof ist als einer der 40 sch&ouml;nsten P&auml;rke der Schweiz ausgezeichnet. Tipp zirka Ende Juni fliegen abends viele Gl&uuml;hw&uuml;rmchen F&uuml;hrungen f&uuml;r Gruppen Nach telefonischer Voranmeldung.</p>", "url": "https://www.stadt-schaffhausen.ch/aktuellesinformationen/2912275", "image": "https://shltpimtsoch.sos-ch-dk-2.exoscale-cdn.com/catalog/8/c/e/4/8ce4d877b7ef8500dcb0192ac35ebf874685b0fc_sh_waldfriedhof_juni_sommer_06.jpg", "openstreetmap_id": "relation/3235671"}, "geometry": {"type": "Point", "coordinates": ["8.654006826644565", "47.70814015"]}}, {"type": "Feature", "properties": {"identifier": "61cf85c5-99f3-4d86-9c37-bfdbc75c81ba", "name": "Biotop \u00abWangental Natur Pur\u00bb", "description": "<p>Eingebettet in waldige H&uuml;gel, ist das Wangental ein Juwel, reich an botanischen, zoologischen, geologischen und historischen Sch&auml;tzen. Ein Steg durch das Biotop und zwei Beobachtungsh&uuml;tten erlauben das ungest&ouml;rte Sichten der artenreichen Tier- und Pflanzenwelt.</p>", "url": "http://www.wangental.ch/", "image": "https://shltpimtsoch.sos-ch-dk-2.exoscale-cdn.com/catalog/a/2/9/a/a29a841ac6b5963a2c79ed6c81df03a2b1281d28_wilchingen_wangental_natur_pur_biotop_oktober_herbst__5_.jpg", "openstreetmap_id": "way/107679037"}, "geometry": {"type": "Point", "coordinates": ["8.516161903344555", "47.647514650000005"]}}, {"type": "Feature", "properties": {"identifier": "641ce14e-c4ac-4603-b127-612a4a12f714", "name": "Grillplatz Ruine Neuburg", "description": "<p>Die Ruine Neuburg sind die &Uuml;berreste einer im 10. oder 11. Jahrhundert erbauten H&ouml;henburg im Kanton Schaffhausen. Sie steht in Neuhausen am Rheinfall rund 300 Meter s&uuml;dwestlich des Schl&ouml;sschens W&ouml;rth auf dem Ottersb&uuml;hl. Die Ruine wird auch als &laquo;R&auml;uberschloss&raquo; bezeichnet. Heute sichtbar sind noch die dicken Grundmauern der trapezf&ouml;rmigen Kernburg sowie zwei Gr&auml;ben mit Zwischenwall. Neben dem Schl&ouml;sschen W&ouml;rth und dem Schloss Laufen ist die Neuburg die dritte und am wenigsten bekannte Burg am Rheinfall. Bei 1935 durchgef&uuml;hrten Freilegungs- und Konservierungsarbeiten wurden zahlreiche Brandspuren entdeckt. Ob dieser Brand das Ende der urkundlich nicht erw&auml;hnten Burg besiegelte, ist unklar.</p>", "image": "https://shltpimtsoch.sos-ch-dk-2.exoscale-cdn.com/catalog/2/a/3/d/2a3d878c9cd442692ec0b2476a636909c2f0529f_Burgruine_1.jpg", "openstreetmap_id": "way/166032559"}, "geometry": {"type": "Point", "coordinates": ["8.608378171920778", "47.67629042806085"]}}, {"type": "Feature", "properties": {"identifier": "644b78d1-c038-4c4a-ad48-017598d62cef", "name": "Grillplatz Niederholz", "description": "<p>Die Grillstelle verf&uuml;gt &uuml;ber eine Feuerstelle und Holzb&auml;nke.</p>", "image": "https://shltpimtsoch.sos-ch-dk-2.exoscale-cdn.com/catalog/5/d/8/6/5d86914e1ccf7f74786b0c660395c1ee77075e02_Rheinau_Niederholz2_2014se.jpg", "openstreetmap_id": "node/10207613595"}, "geometry": {"type": "Point", "coordinates": ["8.6047569", "47.6184528"]}}, {"type": "Feature", "properties": {"identifier": "65f1ac2e-f52a-4e91-920a-8c7fa746681f", "name": "Spielplatz Breitenauwegli", "description": "<p>Der Spielplatz liegt neben dem Fussballstadion Breite und einem kleinen Park. Der KSS Freizeitpark liegt rund zwei Gehminuten entfernt.</p>", "image": "https://shltpimtsoch.sos-ch-dk-2.exoscale-cdn.com/catalog/9/0/c/9/90c9957dbda1a005df289bfe51e6a8866b393d69_sh_spielplatz_breitenauwegli__3_.jpeg", "openstreetmap_id": "way/312805586"}, "geometry": {"type": "Point", "coordinates": ["8.624412306163595", "47.7043247"]}}, {"type": "Feature", "properties": {"identifier": "671ef943-97b0-481c-9041-df4d8374e74b", "name": "Grillstelle Gsang / Taufwald", "description": "<p>Die Grillstelle am Waldrand verf&uuml;gt &uuml;ber eine Feuerstelle sowie mehrere Tische und B&auml;nke.</p>", "image": "https://shltpimtsoch.sos-ch-dk-2.exoscale-cdn.com/catalog/a/0/3/0/a030455dab235b8bbd71462104c6b85b444a4e36_grillstelle_gsang_taufwald.JPG", "openstreetmap_id": "node/3389530581"}, "geometry": {"type": "Point", "coordinates": ["8.6533382", "47.7261084"]}}, {"type": "Feature", "properties": {"identifier": "67bb4479-5c3f-4aea-be2e-5e01af00f21c", "name": "Ortsmuseum Beringen", "description": "<p>Das Ortsmuseum Beringen besitzt eine grosse Sammlung von Ger&auml;tschaften aus Landwirtschaft, Rebbau und Forstwirtschaft, Gegenst&auml;nden aus dem Haushalt, Trachten, Handwerksarbeiten, ganzen Werkst&auml;tten, antiken K&uuml;chen, Messapparaten und Werkzeugen. Zudem gibt es Ausstellungen zu den Themen Arch&auml;ologie, Geologie und K&uuml;nstler aus der Gemeinde und im Dachboden trifft man Wechselausstellungen an oder kann musikalische oder kulturelle Anl&auml;sse geniessen.</p>", "url": "http://www.museum-beringen.ch", "image": "https://shltpimtsoch.sos-ch-dk-2.exoscale-cdn.com/catalog/a/0/6/4/a0643d61cc86ef34d96f0d0156b07546a4f63eea_beringen_ortsmuseum_september__6_.jpeg", "openstreetmap_id": "node/4754786533"}, "geometry": {"type": "Point", "coordinates": ["8.5744657", "47.6989921"]}}, {"type": "Feature", "properties": {"identifier": "69292d8d-8ce1-4b38-a584-3ef690e7714d", "name": "Kulturhaus Obere Stube", "description": "<p>Das Kulturhaus Obere Stube ist ein lebendiger und offener Ausstellungs- und Begegnungsort f&uuml;r nationale und internationale Kunst und Kultur. Im ehemals als Zunfthaus &laquo;Zur Rose&raquo; genutzten H&auml;userensemble gibt es historische Ausstellungen und zeitgen&ouml;ssische nationale und internationale Kunst zu sehen. Regelm&auml;ssig werden die beiden Sonderausstellungsr&auml;ume neu bespielt. Themen aus der Klassischen Moderne, Design, regionale Kultur und Geschichte aber auch performative und experimentelle Kunst finden hier einen neuen Spielort. Der grosse Zunftsaal aus dem 15. Jahrhundert, in dem semipermanente Ausstellungen gezeigt werden und die holzvert&auml;ferte Zunftstube von 1681 sind die historischen Highlights.</p><p><strong>Schwebende Steine</strong><br>Der Innenhof &uuml;berrascht: Hier hat der australische K&uuml;nstler Jamie North eine markante Skulpturenlandschaft kreiert. Eine Wand voller schwebender Steine verleiht dem Innenhof Struktur und Charakter. Kunst und Natur verbinden sich auf einzigartige Weise miteinander. Wer dem gesch&auml;ftigen Treiben der Altstadt f&uuml;r eine Weile entfliehen m&ouml;chte, findet hier ein ruhiges Pl&auml;tzchen.</p><p><strong>Beiz</strong><br>Die Beiz bietet f&uuml;r den kleinen Hunger eine Auswahl an Snacks und Getr&auml;nken.</p>", "url": "https://www.kulturhaus-oberestube.ch", "image": "https://shltpimtsoch.sos-ch-dk-2.exoscale-cdn.com/catalog/7/2/d/d/72ddeb2661d46b255b852b279acb430bcbb57aca_1.Obere_Stube_Fassade_Foto_Roberta_Fele.jpg", "openstreetmap_id": "way/145219181"}, "geometry": {"type": "Point", "coordinates": ["8.860220369700535", "47.6594087"]}}, {"type": "Feature", "properties": {"identifier": "6b1bce61-ab00-462f-955b-b2eacbb734b0", "name": "Grillplatz L\u00e4ngenberg", "description": "Der grossz\u00fcgige Grillplatz auf dem L\u00e4ngenberg bietet reichlich Sitzm\u00f6glichkeiten, eine Feuerstelle und eine kleine Holzh\u00fctte.", "image": "https://shltpimtsoch.sos-ch-dk-2.exoscale-cdn.com/catalog/c/8/d/0/c8d0542c2486d4d34e14d3249f1e49dfbc39ba8e_L__ngenberg_1.JPG", "openstreetmap_id": "node/6704089299"}, "geometry": {"type": "Point", "coordinates": ["8.6307072", "47.7334573"]}}, {"type": "Feature", "properties": {"identifier": "6b651066-d325-44b0-8ae2-6493be76474c", "name": "Grillstelle Badeplatz Hemishofen", "description": "<p>Der Grillplatz selbst ist mit einer Feuerstelle und mehreren Tischen und B&auml;nken ausgestattet.</p>", "image": "https://shltpimtsoch.sos-ch-dk-2.exoscale-cdn.com/catalog/8/0/7/1/8071f16d7e55118b39a6ed3f59969371d6bd973f_hemishofen_grillstelle_badeplatz_feuerstelle_rhein.jpg", "openstreetmap_id": "node/1260685747"}, "geometry": {"type": "Point", "coordinates": ["8.8280838", "47.675569"]}}, {"type": "Feature", "properties": {"identifier": "6d1543e6-0c41-41f7-b324-e3339bd07629", "name": "Ortsmuseum Neunkirch", "description": "<p>In den verschiedenen R&auml;umen des Museums, im lauschigen Oberhof, erh&auml;lst du einen &Uuml;berblick &uuml;ber Handwerk, Kirche, Haushalt, Urgeschichte, Landwirtschaft und vieles mehr aus der Region. Erlebe die Geschichte &ndash; die antiken und kuriosen Sch&auml;tze werden dich begeistern.</p><p>Spannende F&uuml;hrung durch das Ortsmuseum:</p><ul><li>1 &frac14; h</li><li>auf Anmeldung</li><li>CHF 15.00 pro Person / mind. CHF 90.00</li><li>Auf Anfrage auch mit Ap&eacute;ro</li></ul>", "url": "https://www.neunkirch.ch/portrait/geschichte-kultur/ortsmuseum.html/153", "image": "https://shltpimtsoch.sos-ch-dk-2.exoscale-cdn.com/catalog/e/7/3/2/e7328ef02cd2a8ae0e30d0300b363d44f8b9cc5c_neunkirch_ortsmuseum_oktober_herbst.jpg", "openstreetmap_id": "way/315599160"}, "geometry": {"type": "Point", "coordinates": ["8.50067821404082", "47.69097657082046"]}}, {"type": "Feature", "properties": {"identifier": "6ea1633f-e30d-4c0b-bdaf-eff265dc8398", "name": "Grillstelle H\u00f6lzli", "description": "<p>Die Grillstelle H&ouml;lzli befindet sich auf einem kleinen Plateau am Rand des Buchthalerwaldes. Zur Ausstattung geh&ouml;ren eine Feuerstelle mit Grill sowie ein Tisch mit Sitzb&auml;nken.</p>", "image": "https://shltpimtsoch.sos-ch-dk-2.exoscale-cdn.com/catalog/c/f/3/8/cf38f683aaf69a85dd066d9e430684218b81d142_sh_buchthalen_grillstelle_hoelzli_wald.JPG", "openstreetmap_id": "node/1711950716"}, "geometry": {"type": "Point", "coordinates": ["8.6719778", "47.6992921"]}}, {"type": "Feature", "properties": {"identifier": "6f8c9d98-1c90-47b9-8711-9d529fb02b5e", "name": "Propstei Wagenhausen", "description": "<p>Der Geb\u00e4udekomplex steht unter Heimatschutz. Besonders ist die Marienglocke im Kirchturm der Propstei. Sie teilt sich den Geburtstag mit der Eidgenossenschaft; sie stammt ebenfalls aus dem Jahre 1291 und ist somit eine der \u00e4ltesten noch funktionierenden Glocken der Schweiz.</p>", "image": "https://shltpimtsoch.sos-ch-dk-2.exoscale-cdn.com/catalog/8/3/f/a/83fa1011625ea9af0f58cdc286227b94b644be22_wagenhausen_propstei_fruehling_mai.jpg", "openstreetmap_id": "way/90666504#map=19/47.66166/8.84796"}, "geometry": {"type": "Point", "coordinates": ["8.847588718549243", "47.661822349999994"]}}, {"type": "Feature", "properties": {"identifier": "704d7563-8044-4ca4-ab87-35595411db42", "name": "Tuffsteinkeller", "description": "<p style=\"margin: 0in; font-family: Calibri; font-size: 11.0pt;\">Rutishauser-DiVino pflegt mit der Rebstation Hallau und dem historischen Tuffsteinkeller ein bedeutendes Symbol der Schaffhauser Weinbauszene. Der charakteristische rote Sandsteinboden der Lage Chilcheweg verleiht den Weinen eine mineralische Note. Moderne Abf&uuml;llanlagen und sorgf&auml;ltig ausgew&auml;hlte Trauben aus der Region garantieren Weine mit Herkunft, Charakter und h&ouml;chster Qualit&auml;t.</p><p style=\"margin: 0in; font-family: Calibri; font-size: 11.0pt;\">&nbsp;</p><p style=\"margin: 0in; font-family: Calibri; font-size: 11.0pt;\">Schon im 16. Jahrhundert wuchsen am Hallauer Chilcheweg Reben. Dieser ehemalige Pilgerweg, heute eine Gemeindestrasse, f&uuml;hrt von der Dorfmitte Hallau aus entlang der Bergstrasse durch die sch&ouml;ne Reblandschaft zur Bergkirche St. Moritz, die 1491 als Wallfahrtskirche von Hallau erbaut wurde. Im beschaulichen Weinbaudorf Hallau steht die Rebstation Hallau (fr&uuml;her auch: Volg Weinkellereien) die schon lange zur Schaffhauser Weinbauszene geh&ouml;rt. Die Rebstation umfasst 20 Hektar gepachtetes Land. Diese Reblagen befinden sich nebst Hallau auch in Oberhallau, Trasadingen und G&auml;chlingen.</p><p style=\"margin: 0in; font-family: Calibri; font-size: 11.0pt;\">&nbsp;</p><p style=\"margin: 0in; font-family: Calibri; font-size: 11.0pt;\">Der historische Tuffstein-Gew&ouml;lbekeller aus dem Jahr 1896 bietet eine einzigartige Atmosph&auml;re f&uuml;r besondere Anl&auml;sse. Ob eine Weindegustation, Geburtstagsfeier, Hochzeit oder einfach f&uuml;r einen Vereinsanlass &ndash; in diesem charmanten Ambiente wird jeder Event zu einem unvergesslichen Erlebnis.</p>", "url": "https://www.rutishauser-divino.ch/", "image": "https://shltpimtsoch.sos-ch-dk-2.exoscale-cdn.com/catalog/0/9/d/8/09d87df187c91441d66962e49411ab9b52d9200c_Rebberg_Hallau___7_.jpg", "openstreetmap_id": "way/274591271"}, "geometry": {"type": "Point", "coordinates": ["8.462299194122552", "47.698746400000005"]}}, {"type": "Feature", "properties": {"identifier": "73874bf0-8b24-4a27-b029-f1ffa2947ac4", "name": "TapTab Musikraum", "description": "<p>Gegen 15'000 Besuchende sch&auml;tzen j&auml;hrlich das reiche Angebot: Konzerte, Partys, Poetry Slams, Filme (etwa die &laquo;Kurz &amp; Knapp&raquo;-Kurzfilmreihe), musikalische Lesungen und vieles mehr.</p><p>Das TapTab-Veranstalterteam - bestehend aus rund 40 Aktiven und zus&auml;tzlich 60 freiwilligen Helfenden - featuret den Underground, das Nicht-Etablierte sowie neue Str&ouml;mungen von Popkultur und DJ-Culture, und gibt kontinuierlich lokalen und regionalen Bands, DJs, Kurzfilmerinnen und Slammern ein Podium. Daneben pflegt TapTab aber auch die internationale Vernetzung mit &auml;hnlich positionierten Szenen und holt Acts aus der ganzen Welt nach Schaffhausen. Mit 130 Veranstaltungen j&auml;hrlich ist es der profilierteste Musikclub der Region (2002 mit dem +GF+-Preis ausgezeichnet) und aus dem hiesigen Kulturleben nicht mehr wegzudenken.</p>", "url": "http://www.taptab.ch/", "image": "https://shltpimtsoch.sos-ch-dk-2.exoscale-cdn.com/catalog/1/e/0/0/1e0044ac3fe6722887cec546df297674342d87bc_TapTab_Party__2.jpg", "openstreetmap_id": "node/3941896863"}, "geometry": {"type": "Point", "coordinates": ["8.6364235", "47.6944915"]}}, {"type": "Feature", "properties": {"identifier": "7477fa69-0ec4-4d71-89e9-209a77eddccb", "name": "Museum kunst + wissen", "description": "Direkt am Rhein. Geb\u00e4ude mit markantem Treppenturm. Sonderausstellungen zu Kunst, Geschichte und Natur. Zudem Sammlungsausstellungen zur ehem. T\u00fcrkischrot-F\u00e4rberei und Stoffdruckerei im Oberen Amtshaus sowie Pr\u00e4sentation von aktuellem und vergangenem Thurgauer Kunstschaffen mit Schwerpunkt Diessenhofen.", "url": "https://www.diessenhofen.ch/museum", "image": "https://shltpimtsoch.sos-ch-dk-2.exoscale-cdn.com/catalog/e/4/c/9/e4c9dd17ec5af1572e1d37589e0b62d86d1baeaf_Museum_Ansicht.jpg", "openstreetmap_id": "node/9850624761"}, "geometry": {"type": "Point", "coordinates": ["8.753088", "47.6898803"]}}, {"type": "Feature", "properties": {"identifier": "749122d4-ee4a-4cfb-aa96-fe1f790c2a27", "name": "Grillstelle Belair Jugendherberge Schaffhausen", "description": "<p>Es hat eine Feuerstelle mit B&auml;nken rundherum und weiteren Sitzm&ouml;glichkeiten.</p>", "image": "https://shltpimtsoch.sos-ch-dk-2.exoscale-cdn.com/catalog/b/a/5/2/ba527f7b40120dbdb1f952ccf750aac512eef718_sh_grillstelle_belair_jugendherberge_tischbank.JPG", "openstreetmap_id": "node/10223640964"}, "geometry": {"type": "Point", "coordinates": ["8.6218346", "47.7021071"]}}, {"type": "Feature", "properties": {"identifier": "75ab1e1a-ef1c-438c-bbce-b6dee4c665ed", "name": "Verkehrsgarten Belair", "description": "<p>An den Wochenenden und w&auml;hrend den Schulferien ist der Verkehrsgarten zur Benutzung frei. Vorbehalten bleibt die Verf&uuml;gbarkeit des Verkehrsgartens w&auml;hrend des Verkehrsunterrichts mit Schulklassen.</p>", "image": "https://shltpimtsoch.sos-ch-dk-2.exoscale-cdn.com/catalog/9/0/c/b/90cba8e97723873e901c77967ffa056e8d61652d_sh_verkehrsgarten_belair__4_.jpeg", "openstreetmap_id": "way/475891933"}, "geometry": {"type": "Point", "coordinates": ["8.622312047245416", "47.70112415"]}}, {"type": "Feature", "properties": {"identifier": "784154f3-6dfe-4827-bbe4-81bce19285d0", "name": "Bergkirche Neunkirch", "description": "<p>Schiff und Chorw&auml;nde tragen verschiedene Epitaphien aus der Barockzeit. Fresken zieren den Chor. Im Turm, der 1484 errichtet wurde, l&auml;utet die 2. &auml;lteste Glocke der Schweiz immer am 1. August um 5:00 Uhr den Feiertag ein.</p>", "image": "https://shltpimtsoch.sos-ch-dk-2.exoscale-cdn.com/catalog/8/b/4/a/8b4a84ce50df1192df9b47f9fba5efd7339f7678_neunkirch_kirche_oktober_herbst__10_.jpg", "openstreetmap_id": "way/228591748"}, "geometry": {"type": "Point", "coordinates": ["8.50073480838849", "47.6856869"]}}, {"type": "Feature", "properties": {"identifier": "78566b16-82d2-4031-8005-ef834a66e73d", "name": "Naturschutzgebiet \u00abTannb\u00fcel\u00bb", "description": "<p>Im Mai und Juni k\u00f6nnen im Tannb\u00fcel mindestens 15 verschiedene Orchideen-Arten entdeckt werden. Besonders zahlreich bl\u00fcht der Frauenschuh. Aber auch weitere Orchideen, Enziangew\u00e4chse, Str\u00e4ucher und B\u00e4ume machen die Artenvielfalt im Tannb\u00fcel aus.</p><p>Der <strong>aktuelle Bl\u00fctenstand</strong> wird von Gr\u00fcn Schaffhausen \u00fcberpr\u00fcft und <a href=\"https://www.stadt-schaffhausen.ch/aktuellesinformationen\" rel=\"noopener noreferrer\" target=\"_blank\">hier</a> publiziert.</p>", "image": "https://shltpimtsoch.sos-ch-dk-2.exoscale-cdn.com/catalog/0/5/b/2/05b21055c6607a60c9a70111b1ce39a7202761eb_bargen_frauenschuhe_tannbuel_orchidee_sommer_juni_2___Kopie.jpg", "openstreetmap_id": "node/8572663835"}, "geometry": {"type": "Point", "coordinates": ["8.5831118", "47.7995786"]}}, {"type": "Feature", "properties": {"identifier": "7aca3568-46d9-47a4-8d64-e0438ad1aeda", "name": "Grillplatz Guetbuck", "description": "<p>Die Grillstelle befindet sich an der Gehrenhalde, einem Abschnitt der Randen&uuml;berfahrt zwischen Hemmental und Schaffhausen. Sie ist mit einer Feuerstelle und einer Sitzbank ausgestattet und mit dem Auto erreichbar.</p>", "image": "https://shltpimtsoch.sos-ch-dk-2.exoscale-cdn.com/catalog/3/d/b/4/3db49a4286b9c1520d6da8aac539600f3f7c1abd_Grillplatz_Guetbuck.JPG", "openstreetmap_id": "node/9543517171"}, "geometry": {"type": "Point", "coordinates": ["8.5640471", "47.7464534"]}}, {"type": "Feature", "properties": {"identifier": "7b4e9bc0-16ed-4a9a-b493-34c4f500e4fc", "name": "Grillstelle Neutal", "description": "<p>Die Grillstelle Neutal hat eine Feuerstelle und diverse Tische sowie B&auml;nke.</p>", "image": "https://shltpimtsoch.sos-ch-dk-2.exoscale-cdn.com/catalog/6/3/c/0/63c093f137aae6b8a3fe930f759aee19f2079fbb_sh_grillstelle_neutal_feuerstelle.JPG", "openstreetmap_id": "node/5514391924"}, "geometry": {"type": "Point", "coordinates": ["8.6704054", "47.725723"]}}, {"type": "Feature", "properties": {"identifier": "7b685224-b6b2-411b-8cc6-7710fd868221", "name": "Spielplatz L\u00f6hningen", "image": "https://shltpimtsoch.sos-ch-dk-2.exoscale-cdn.com/catalog/c/b/e/9/cbe9a6c47472df6bf04082a9a6007a6f4c1bc31f_Foto_26.02.24__13_55_43.jpg", "openstreetmap_id": "way/1291298573"}, "geometry": {"type": "Point", "coordinates": ["8.552599484154321", "47.699997100000004"]}}, {"type": "Feature", "properties": {"identifier": "7ba3ba61-987b-4b54-9b52-c1886ca08f03", "name": "Grillstelle Ernstelbach", "description": "<p>Schr&auml;g gegen&uuml;ber befindet sich ein Biotop. Zwei Beobachtungsh&uuml;tten erlauben die ungest&ouml;rte Erkundung der artenreichen Flora und Fauna. Ebenfalls ganz in der N&auml;he steht die Ruine Radegg.</p>", "image": "https://shltpimtsoch.sos-ch-dk-2.exoscale-cdn.com/catalog/6/f/1/4/6f145b804e42e4b55e29390d5fd7c8eeca81355a_Ernstelbach_4..jpg", "openstreetmap_id": "node/10216810887"}, "geometry": {"type": "Point", "coordinates": ["8.5138019", "47.6502769"]}}, {"type": "Feature", "properties": {"identifier": "7c717663-8466-4b8c-8494-4b044269f6d1", "name": "Museum zu Allerheiligen Schaffhausen", "description": "<p>Einzigartige Exponate und interaktive Medienstationen erz&auml;hlen von Eiszeitj&auml;gern, der Bl&uuml;tezeit des Klosters und der wechselvollen Schaffhauser Stadt- und Industriegeschichte. Eine bedeutende Kunstsammlung zeigt Werke von der Renaissance bis in die Gegenwart. In der international beachteten Antikenkollektion Ebn&ouml;ther sind arch&auml;ologische Sch&auml;tze von Mesopotamien bis S&uuml;damerika zu sehen. Neben den Dauerausstellungen nehmen regelm&auml;ssig stattfindende Wechselausstellungen aktuelle Themen auf. Zur Gesamtanlage geh&ouml;ren auch das imposante M&uuml;nster, der idyllische Kr&auml;utergarten sowie der gr&ouml;sste frei zug&auml;ngliche Kreuzgang der Schweiz. Der Museumsbesuch geschieht immer in einer ganz besonderen Atmosph&auml;re.</p><p>&nbsp;</p><p><strong>Familien und Kinder </strong></p><p>Das Museum zu Allerheiligen ist ein spannendes Ausflugsziel f&uuml;r die ganze Familie. Zu den Highlights geh&ouml;ren die beliebten Taschenlampenf&uuml;hrungen und die regelm&auml;ssig stattfindenden Erlebnisnachmittage, die zum spielerischen Entdecken und selbst&auml;ndigen Experimentieren einladen. Einmal pro Jahr findet im und rund um das Museum ein grosser Familientag statt. F&uuml;r alle, die das Museum zu Allerheiligen mit der Familie gerne auf eigene Faust erkunden m&ouml;chten, gibt&rsquo;s im Museum R&auml;tsel- und Suchspiele, einen Kinderpodcast sowie ein Steinzeit-Jagdlager wo die Kleinen campieren und die gr&ouml;sseren Kinder sich mit einer Muschel einen Steinzeit-Halsschmuck basteln k&ouml;nnen.&nbsp;<a href=\"https://allerheiligen.ch/besuchen/angebote/#a34\">Hier</a> geht es zum Familienangebot.</p>", "url": "http://www.allerheiligen.ch/", "image": "https://shltpimtsoch.sos-ch-dk-2.exoscale-cdn.com/catalog/c/0/4/0/c040cdd9e8041b12b1538b06e26d86c667be5c85_museum_zu_allerheiligen_schaffhausen.jpg", "openstreetmap_id": "relation/5856244"}, "geometry": {"type": "Point", "coordinates": ["8.635880971249236", "47.69488545"]}}, {"type": "Feature", "properties": {"identifier": "7dfb3e48-268d-4573-8ebc-9ba280386b72", "name": "Multifunktionsplatz", "description": "<p>Es sind viele M&ouml;glichkeiten geboten: einen Soccerplatz und Bolzplatz, eine Teqballplatte, eine Grillfl&auml;che, ein Beachvolleyballfeld und Fitnessoutdoorger&auml;te.</p>", "image": "https://shltpimtsoch.sos-ch-dk-2.exoscale-cdn.com/catalog/3/7/8/1/378199ad6d25cde4f4ab72e0452b81fc8e6080a5_Multifunktionsplatz.JPG", "openstreetmap_id": "way/1218080592"}, "geometry": {"type": "Point", "coordinates": ["8.577154033039106", "47.63038623590422"]}}, {"type": "Feature", "properties": {"identifier": "7f173124-54a8-431a-9d0d-ce3669b4d095", "name": "Stadtgarten Stein am Rhein", "description": "<p>F&uuml;r die Kinder hat es einen Spielplatz mit Sandkasten, Rutsche, Schaukel, Kletterger&auml;t, Wasserspiel, Felsh&ouml;hlen und Ritterburg.</p><p>Ebenfalls f&auml;hrt an gewissen Tagen die&nbsp;<a href=\"https://steinerliliputbahn.ch/\" target=\"_blank\" rel=\"noopener\">Liliputbahn</a>, ein massst&auml;blicher Zug der R&auml;tischen Bahn, durch den Garten. Ein besonderes Erlebnis f&uuml;r Kinder und Erwachsene.</p>", "image": "https://shltpimtsoch.sos-ch-dk-2.exoscale-cdn.com/catalog/7/7/0/5/7705f3aca777e8d5b27c1ab453d4439a261260ac_steinamrhein_wandern_uferpromenade_verkleinert.png", "openstreetmap_id": "way/305915615"}, "geometry": {"type": "Point", "coordinates": ["8.855343280765833", "47.6618946"]}}, {"type": "Feature", "properties": {"identifier": "80c6469a-56f6-4993-a37e-f12b84dc2db5", "name": "Grillstelle Alter Weiher", "description": "<p>Vom Bahnhof Thayngen ist sie &uuml;ber den Velo- oder Findlingsweg in rund 30 Minuten erreichbar.</p>", "image": "https://shltpimtsoch.sos-ch-dk-2.exoscale-cdn.com/catalog/7/e/7/8/7e78ef8b8b7883ae4afc13e1eb1976012892bc8a_thayngen_grillstelle_alter_weiher.JPG", "openstreetmap_id": "node/9585938509"}, "geometry": {"type": "Point", "coordinates": ["8.6916534", "47.7388043"]}}, {"type": "Feature", "properties": {"identifier": "850f6fa0-0143-4ae5-bef8-70b28bc41e56", "name": "Grillstelle Geissberg", "description": "<p>Die grossz&uuml;gige Grillstelle auf dem Geissberg ist mit zwei Feuerstellen und sechs Tischgarnituren ausgestattet.</p>", "image": "https://shltpimtsoch.sos-ch-dk-2.exoscale-cdn.com/catalog/8/5/0/0/8500d418fc87934808dc5312fdd9e3633f8cc044_IMG_7930.jpg", "openstreetmap_id": "node/9461394264"}, "geometry": {"type": "Point", "coordinates": ["8.639199", "47.7171869"]}}, {"type": "Feature", "properties": {"identifier": "856819c1-b4b5-4c42-8343-22d1f00c756a", "name": "Spielplatz Grundschule OT Altenburg", "description": "<p>Der Spielplatz befindet sich bei der Grundschule Altenburg.</p>", "image": "https://shltpimtsoch.sos-ch-dk-2.exoscale-cdn.com/catalog/0/9/6/7/09675a8c989675fa5afe13c40b700dfb5ffeb15f_spielplatz_Grundschule_Altenburg_2.jpg", "openstreetmap_id": "node/11971976273"}, "geometry": {"type": "Point", "coordinates": ["8.600597959673067", "47.65599930460688"]}}, {"type": "Feature", "properties": {"identifier": "8849fefb-8e3a-4043-b806-9b01d40e0b19", "name": "Visitor Centre Schaffhausen", "description": "<p>Besuche uns im Visitor Centre mitten in der Schaffhauser Altstadt. Bei uns wirst du kompetent beraten und erh&auml;ltst Tipps f&uuml;r deinen Ausflug im Schaffhauserland. Ausgew&auml;hlte Brosch&uuml;ren und Wanderkarten findest du an unserer Prospektwand. Du m&ouml;chtest dich lieber selbst Informieren? Kein Problem, mit unserem Infoscreen kannst du durch unserer Webseite surfen. Auch ein passendes Mitbringsel f&uuml;r die Lieben zu Hause oder als Andenken f&uuml;r dich selbst findest du in unserem kleinen Regio-Shop. Ebenfalls befindet sich das Vinorama des Schaffhauser Blauburgunderlandes bei uns im Besucherzentrum. Degustiere bis zu acht Weine und w&auml;hle aus 30 verschiedenen Weinen den passenden f&uuml;r zu Hause aus.</p>", "url": "https://schaffhauserland.ch", "image": "https://shltpimtsoch.sos-ch-dk-2.exoscale-cdn.com/catalog/0/9/f/9/09f97f8eb391d8e7f3ead9cdadcf5b91925bbbba_Dost_Visitor_Center_252_K1_print.jpg", "openstreetmap_id": "node/2441592879"}, "geometry": {"type": "Point", "coordinates": ["8.6342689", "47.6963232"]}}, {"type": "Feature", "properties": {"identifier": "89961f68-7a00-4fd0-8990-374679bfef48", "name": "Grillstelle Himmelrich", "description": "<p>Sie verf&uuml;gt &uuml;ber eine Feuerstelle und Holzb&auml;nke, ein Tisch ist nicht vorhanden.</p>", "image": "https://shltpimtsoch.sos-ch-dk-2.exoscale-cdn.com/catalog/0/8/f/0/08f058c14dd78e340571dc5f930399949f1dd69d_Osterfingen_Himmelrich.JPG", "openstreetmap_id": "node/5540329417"}, "geometry": {"type": "Point", "coordinates": ["8.4883343", "47.6590444"]}}, {"type": "Feature", "properties": {"identifier": "8a17b0b0-0b74-4342-8db1-da7e20f4738b", "name": "Grillstelle Stutzm\u00fcli", "description": "<p>Die Grillstelle Stutzm&uuml;li liegt am Waldrand direkt an einem Bach. Zur Ausstattung geh&ouml;ren eine Feuerstelle und Holzb&auml;nke.</p>", "image": "https://shltpimtsoch.sos-ch-dk-2.exoscale-cdn.com/catalog/1/4/0/3/1403e1a4faea92e134ed3e002e921e346f35d579_Stutzmu__li_1..jpg", "openstreetmap_id": "node/6547508391"}, "geometry": {"type": "Point", "coordinates": ["8.4884439", "47.6484427"]}}, {"type": "Feature", "properties": {"identifier": "8a6806a5-a8a4-4960-bdc0-cf2ba53dd6cf", "name": "Grillstelle Buechb\u00fchl", "description": "Die kleine Grillstelle in Neuhausen am Rheinfall ist mit einem Grill und zwei Tischen ausger\u00fcstet.", "image": "https://shltpimtsoch.sos-ch-dk-2.exoscale-cdn.com/catalog/3/0/0/1/3001571396f6a1458d6f8414b7a3fbf458c9ab20_Buechbu__el_2.jpg", "openstreetmap_id": "node/8762531348"}, "geometry": {"type": "Point", "coordinates": ["8.595903", "47.6859726"]}}, {"type": "Feature", "properties": {"identifier": "8c87689b-3dd7-4c55-8c75-18861b0b9ff1", "name": "Klostergut Paradies", "description": "<p>Das Klostergut Paradies bietet erstklassige Voraussetzungen f&uuml;r erfolgreiche Seminare, Tagungen, Konferenzen oder Kundenanl&auml;sse. Die inspirierende Umgebung und die kl&ouml;sterliche Ruhe f&ouml;rdern die Konzentration und erm&ouml;glichen kreatives Arbeiten. Mit modernen R&auml;umlichkeiten und einer professionellen Seminarbetreuung erf&uuml;llt das Klostergut h&ouml;chste Anspr&uuml;che.</p><p>Bankette und Feierlichkeiten Die romantische Atmosph&auml;re im Klostergut allgemein und im wundersch&ouml;nen Park bieten eine perfekte Kulisse f&uuml;r Ihr Fest und die gepflegte Gastronomie und der freundliche Service machen jeden Anlass zu einem einzigartigen und unvergesslichen Erlebnis.</p>", "url": "http://www.klostergutparadies.ch", "image": "https://shltpimtsoch.sos-ch-dk-2.exoscale-cdn.com/catalog/e/5/4/a/e54a1a61790b4221ff176a023b6d06c157213e2e_kastell.jpg", "openstreetmap_id": "relation/8202830"}, "geometry": {"type": "Point", "coordinates": ["8.676221642727583", "47.6842585"]}}, {"type": "Feature", "properties": {"identifier": "8d4d61f3-1068-4c65-a3cb-526f8af01275", "name": "Grillstelle Schwarzer Stein", "description": "Grillieren Sie am n\u00f6rdlichsten Punkt der Schweiz. Eine Grillstelle sowie ein Picknick-Tisch laden zu einer Pause ein.\n\nDer Grenzstein bei der Grillstelle liegt in der Gemeinde Bargen und tr\u00e4gt die Nummer 593. Im Schaffhauser Dialekt wird dieser auch \u00abSchwarze Staa\u00bb genannt.", "image": "https://shltpimtsoch.sos-ch-dk-2.exoscale-cdn.com/catalog/d/0/3/4/d034df00a6f07f3b3e2b3d0e2ec03d59ede45713_Bargen_2..jpg", "openstreetmap_id": "node/440334043"}, "geometry": {"type": "Point", "coordinates": ["8.567946553230287", "47.80836294938157"]}}, {"type": "Feature", "properties": {"identifier": "8d6d176d-bfff-48a5-b0fc-28e6454cd9cd", "name": "Grillstelle M\u00f6rderrain", "description": "Die Grillstellte ist leicht erreichbar auf dem Weg von Hallau nach Wunderklingen. Parkpl\u00e4tze liegen direkt bei der Grillstelle. \n\nNeben einer Feuerstelle, zwei Tischen mit B\u00e4nken sowie schattenspendenden B\u00e4umen hat es auch Holz (ohne Gew\u00e4hr).", "image": "https://shltpimtsoch.sos-ch-dk-2.exoscale-cdn.com/catalog/d/9/d/9/d9d9846b75f49a771bb67795d28d2423c7db886b_hallau_grillstelle_moerderrain_aussicht_reben_landschaft_bergkirche_oktober_herbst__5_.jpg", "openstreetmap_id": "way/822688910"}, "geometry": {"type": "Point", "coordinates": ["8.43755900859833", "47.69156949471725"]}}, {"type": "Feature", "properties": {"identifier": "919a0252-e361-48fe-938f-debf8d0c2dea", "name": "Wohnmobilstellplatz R\u00fcdlingen", "description": "<p><span class=\"NormalTextRun SCXW242644495 BCX9\">Die Stellpl&auml;tze stehen jeweils vom 1. M&auml;rz bis 31. Oktober zur Verf&uuml;gung.&nbsp;</span><span class=\"NormalTextRun SCXW242644495 BCX9\">Die 5 Stellpl&auml;tze befinden sich auf dem oberen Parkplatz, gegen&uuml;ber dem&nbsp;</span><span class=\"NormalTextRun SpellingErrorV2Themed SCXW242644495 BCX9\">Haupthaus</span><span class=\"NormalTextRun SCXW242644495 BCX9\"> (markierte Fl&auml;chen). Sie sind f&uuml;r Kurzaufenthalte (bis 3 Tage/N&auml;chte) gedacht. Die vorhandene Infrastruktur erm&ouml;glicht einen bequemen </span><span class=\"NormalTextRun SpellingErrorV2Themed SCXW242644495 BCX9\">Retablierungs</span><span class=\"NormalTextRun SCXW242644495 BCX9\">-Aufenthalt.</span></p>", "url": "https://begegnungszentrum.ch/", "image": "https://shltpimtsoch.sos-ch-dk-2.exoscale-cdn.com/catalog/a/c/a/f/acafe9126f0f9980c015ce83d28df9e6741f776c_WohnmobilaufPlatz_bearb_av.jpeg", "openstreetmap_id": "way/48434261"}, "geometry": {"type": "Point", "coordinates": ["8.568331375475701", "47.5882615"]}}, {"type": "Feature", "properties": {"identifier": "91d7e99e-1a44-4707-81d7-6aeef3d0956c", "name": "Spielplatz Schleitheim", "description": "<p>Der herzige Spielplatz liegt mitten im Dorf Schleitheim.</p>", "image": "https://shltpimtsoch.sos-ch-dk-2.exoscale-cdn.com/catalog/6/9/1/4/69148f1dab5dbdceab3e8c33fc1aea4166f28cc1_schleitheim_spielplatz__3_.jpg", "openstreetmap_id": "way/276599527"}, "geometry": {"type": "Point", "coordinates": ["8.484195795390407", "47.74727648788841"]}}, {"type": "Feature", "properties": {"identifier": "91e15434-f6ae-412b-ae5f-926ddb158e17", "name": "Historama, Schloss Laufen am Rheinfall", "description": "<p>Das Schloss Laufen und der Rheinfall haben eine lange gemeinsame Geschichte. Besuche die Schlossausstellung: In elf Zimmern &ndash; verteilt auf zwei Etagen &ndash; erwarten dich eine faszinierende Reise in Bild und Ton durch Romantik, Belle Epoque und Gegenwart.</p>", "url": "http://www.schlosslaufen.ch", "image": "https://shltpimtsoch.sos-ch-dk-2.exoscale-cdn.com/catalog/9/f/5/7/9f576617e14a4efd5e0d33a81fcaf4295276b4a3_SchlossLaufen_Historama1_quer.jpg", "openstreetmap_id": "way/219320631"}, "geometry": {"type": "Point", "coordinates": ["8.615051507935123", "47.676777006827166"]}}, {"type": "Feature", "properties": {"identifier": "924c894e-6596-4fc2-a3dc-1efd86187169", "name": "Grillstelle Neufeld B\u00fcttenhardt", "description": "<p>Die Grillstelle ist bequem mit dem Auto erreichbar. Der Parkplatz liegt direkt daneben.</p>", "image": "https://shltpimtsoch.sos-ch-dk-2.exoscale-cdn.com/catalog/d/2/6/c/d26c4c03ad1273f3f08e334786612d25bce07df6_02_B__ttenhardt.jpg", "openstreetmap_id": "node/4429418604"}, "geometry": {"type": "Point", "coordinates": ["8.659173846244814", "47.768356419573756"]}}, {"type": "Feature", "properties": {"identifier": "928825da-b139-473e-b400-c06be5bdfda6", "name": "Eventlocation SIG Areal am Rheinfall", "description": "Die Eventlocation auf dem SIG Areal am Rheinfall steht Ihnen f\u00fcr eine vielseitige Nutzung zur Verf\u00fcgung. Ob Workshop, GV, Seminar oder eine private Feier \u2013 das einmalige Ambiente des Raums mit Industrieflair und moderner Ausstattung wird Sie begeistern. Es stehen zwei Beameranlagen, Rednerpult mit Mikrofon, Flipchart, Whiteboard und WLAN zur Verf\u00fcgung. Die Bestuhlung des Saals erfolgt nach Ihren W\u00fcnschen. F\u00fcr das Catering w\u00e4hrend Ihres Anlasses bietet Ihnen das angrenzende Restaurant Gr\u00fcnerbaum ein vielf\u00e4ltiges Angebot und geht gerne individuell auf Ihre W\u00fcnsche ein. \n\nMit den \u00f6ffentlichen Verkehrsmitteln ist das SIG Areal am Rheinfall bequem zu erreichen. Besucherparkpl\u00e4tze befinden sich ebenfalls in unmittelbarer N\u00e4he der Eventlocation. Das SIG Areal am Rheinfall bietet ein einmaliger Begegnungsort mit einzigartigem Standort direkt oberhalb des Rheinfalls. \n\nGerne d\u00fcrfen Sie einen unverbindlichen Besichtigungstermin mit uns vereinbaren. Wir freuen uns auf Ihre Kontaktaufnahme.", "url": "https://www.sigareal.ch/", "image": "https://shltpimtsoch.sos-ch-dk-2.exoscale-cdn.com/catalog/9/2/5/3/9253373214bb42d4277adde50adec810f197c942_hauptbild.jpg", "openstreetmap_id": "way/937997151"}, "geometry": {"type": "Point", "coordinates": ["8.619369864463808", "47.679348725854055"]}}, {"type": "Feature", "properties": {"identifier": "931c8f64-b6fe-4401-9c9d-4ecca932bb1b", "name": "Spielplatz Osterfingen", "description": "<p>Der Spielplatz verf&uuml;gt &uuml;ber ein grosses Kletterger&uuml;st aus Holz sowie eine Schaukel. Direkt daneben befinden sich eine Grillstelle mit Tischen und B&auml;nken.</p>", "image": "https://shltpimtsoch.sos-ch-dk-2.exoscale-cdn.com/catalog/d/5/e/0/d5e0fb81e3fee6d9a2884d14a3e285ca6414c118_Osterfingen_4..jpg", "openstreetmap_id": "node/7681371313"}, "geometry": {"type": "Point", "coordinates": ["8.497728301958613", "47.663445302248945"]}}, {"type": "Feature", "properties": {"identifier": "93a752a7-be03-4759-b421-89aee9d61044", "name": "Rosengarten Munot", "description": "<p>Er beinhaltet die wichtigsten Rosensorten aller vorkommenden Gruppen. Bereits Ende der 40er Jahre bestanden Pl&auml;ne im hinteren Teil der Munotpromenade einen Rosengarten anzulegen. 1976 nahm die Stadtg&auml;rtnerei die Idee wieder auf und in den darauffolgenden Jahren wurde das Projekt umgesetzt.</p>", "image": "https://shltpimtsoch.sos-ch-dk-2.exoscale-cdn.com/catalog/a/9/d/6/a9d6084a4e0269a8ba274a761484d87162936413_sh_rosengarten_rosen_blumen_munot_juni_sommer__1_.jpg", "openstreetmap_id": "way/192606472"}, "geometry": {"type": "Point", "coordinates": ["8.63925707398979", "47.69739945"]}}, {"type": "Feature", "properties": {"identifier": "93c8493a-cc45-4a7e-8c43-b4257a974341", "name": "Schleitheimer Randenturm", "description": "Der 1872 urspr\u00fcnglich h\u00f6lzener, 40 Fuss hoher Turm fiel 1894 zusammen und wurde 1909 in den Ruinen der Schleitheimer Randenburg durch einen eisernen Turm ersetzt. Heute 896 m \u00fc. M.\n\nIm Zweiten Weltkriegs diente der Turm der Schweizer Armee als Beobachtungsposten der Fliegerabwehrtruppen.", "image": "https://shltpimtsoch.sos-ch-dk-2.exoscale-cdn.com/catalog/2/8/2/8/28285d1d3713c6724b59fa1531665f0a100a0330_schleitheimer_randenturm_september_2023.jpg", "openstreetmap_id": "node/3596303914"}, "geometry": {"type": "Point", "coordinates": ["8.5387729", "47.7513942"]}}, {"type": "Feature", "properties": {"identifier": "94f18f2b-f30c-428c-83ad-07d4aebeadc0", "name": "Grillstelle Oberi Egg", "description": "<p>Der Grillplatz ist idealer Ausgangspunkt f&uuml;r Wanderungen auf dem Hallauer Berg.</p>", "image": "https://shltpimtsoch.sos-ch-dk-2.exoscale-cdn.com/catalog/3/7/4/4/3744d2fa31b94c5b4fbcf6b0934c1ffbeae82a35_Grillstelle_Oberi_Egg.JPG", "openstreetmap_id": "node/9382653102"}, "geometry": {"type": "Point", "coordinates": ["8.4395028", "47.6985679"]}}, {"type": "Feature", "properties": {"identifier": "954545b6-0669-48d6-a4c1-6e782eaa4b64", "name": "Kirche Buchberg und R\u00fcdlingen", "description": "<p>Bereits 1130 wird ein Kirchlein in R&uuml;dlingen erw&auml;hnt, das St. Margarethen-Kirchlein. Im Laufe des 13. Jahrhunderts wurde es vermutlich durch eine Feuersrunst zerst&ouml;rt und danach nicht wieder aufgebaut. Urkundlich erw&auml;hnt ist auch die St. Jakobskirche oberhalb des Pfarrhauses auf dem heutigen Friedhofsgebeit. Sie geh&ouml;rte urspr&uuml;nglich der Pfarrei Lottstetten. In den ersten Jahren der Reformationszeit schlossen sich Buchberg und R&uuml;dlingen (damals waren sie noch eine einzige Gemeinde) ebenso wie der ganze Kanton Schaffhausen der reformierten Glaubensrichtung an. Trotz mehrerer Renovationen im 17. und 18. Jahrhundert wurde die St. Jakobskirche immer bauf&auml;lliger. Die beiden Gemeinden beschlossen schliesslich, das alte Kirchlein abzubrechen und am heutigen Standort neu zu errichten.</p>", "image": "https://shltpimtsoch.sos-ch-dk-2.exoscale-cdn.com/catalog/9/9/b/f/99bf04f0f72682a126bd3a5ac18434ff304026a0_ruedlingen_kirche_buchberg_reben_august_sommer__10_.jpg", "openstreetmap_id": "way/48436044"}, "geometry": {"type": "Point", "coordinates": ["8.566916129182228", "47.575041549999995"]}}, {"type": "Feature", "properties": {"identifier": "96c8c98a-5c27-4cde-8036-405b3db5d2dc", "name": "Grillplatz S\u00e4ckelhau", "description": "<p>Dieser liegt an einem Waldweg und ist gut erreichbar. Die sch&ouml;ne Feuerstelle und zwei Tische laden zum Grillieren und Picknicken ein. Mit etwas Gl&uuml;ck hat es Holz vor Ort.</p>", "image": "https://shltpimtsoch.sos-ch-dk-2.exoscale-cdn.com/catalog/1/1/2/1/112126e988c37695b98306d9c7d4a109d7a7b42a_grillstelle_seckelhau_randen_hemmenta.jpeg", "openstreetmap_id": "way/35953419"}, "geometry": {"type": "Point", "coordinates": ["8.5815312104387", "47.74567396235951"]}}, {"type": "Feature", "properties": {"identifier": "987f66ff-e5b0-4d18-9479-9a195b43d436", "name": "Grillstelle Wolfsbuck hinten", "description": "<p>Eine gem&uuml;tliche Grillstelle, welche einen &Uuml;berblick auf die Felder des Tals bietet. Sitzgelegenheiten sind vorhanden.</p>", "image": "https://shltpimtsoch.sos-ch-dk-2.exoscale-cdn.com/catalog/d/8/3/8/d8389d03fbbfe2e3fe521a8d646a7b7aab00a234_DSC_5014.JPG", "openstreetmap_id": "node/516391517"}, "geometry": {"type": "Point", "coordinates": ["8.5962403", "47.7104217"]}}, {"type": "Feature", "properties": {"identifier": "9a7927bd-5fe1-4358-81ee-27fbf3dbd948", "name": "Grillstelle Weinweg Trasadingen", "description": "<p>Die Grillstelle befindet sich am Weinwanderweg Trasadingen.</p>", "image": "https://shltpimtsoch.sos-ch-dk-2.exoscale-cdn.com/catalog/1/6/1/e/161e0873b5b13301f45b830d0ee4a980af836e31_Trasadingen_5..jpg", "openstreetmap_id": "node/10119652451"}, "geometry": {"type": "Point", "coordinates": ["8.4309236", "47.6749152"]}}, {"type": "Feature", "properties": {"identifier": "9cf6eed0-40b8-4ae4-95d1-8f0fdccf5e5d", "name": "Fotospot Grand Tour of Switzerland", "image": "https://shltpimtsoch.sos-ch-dk-2.exoscale-cdn.com/catalog/9/9/8/8/998887dc065c89ed6c4c42f815fab54aae97842f_rheinfall_grand_tour_stele.jpg", "openstreetmap_id": "node/30015174"}, "geometry": {"type": "Point", "coordinates": ["8.6149442", "47.6773586"]}}, {"type": "Feature", "properties": {"identifier": "9e1845ab-c21b-4283-806e-b388cdc5cf18", "name": "Kirche \u00abuf Burg\u00bb und R\u00f6merkastell", "description": "<p>Die Kirche hat eine turbulente und komplizierte Geschichte hinter sich, sowohl in rechtlicher als auch in baulicher Hinsicht. Sie steht inmitten des r&ouml;mischen Kastells Tasgetium, das im 3. Jahrhunder errichtet wurde.</p><p>Das Kastell wurde kurz vor 300 n. Chr. nach den Alemanneneinf&auml;llen errichtet. Reste der Mauern zeugen noch heute davon, und die heutige Kirche steht im Zentrum des Kastells. Ausgrabungen haben gezeigt, dass im ehemaligen sp&auml;tr&ouml;mischen Kastell Tasgetium &uuml;ber 1.400 Jahre lang christliche Gottesdienste abgehalten wurden.</p><p>Heute wird der Besucher vor allem durch die in sakraler W&uuml;rde erstrahlenden Wandmalereien im Chor belohnt. Sie stammen aus der Zeit kurz vor 1420 und stellen in 30 Gem&auml;lden, die in drei Zyklen unterteilt sind, Szenen aus der christlichen Heilsgeschichte dar.</p>", "image": "https://shltpimtsoch.sos-ch-dk-2.exoscale-cdn.com/catalog/1/b/f/5/1bf5facbd8ada5327bd74780a123e12f8886ba3e_steinamrhein_kirche_uf_burg_mai_fruehling.jpg", "openstreetmap_id": "way/22952611"}, "geometry": {"type": "Point", "coordinates": ["8.858664145505362", "47.656604"]}}, {"type": "Feature", "properties": {"identifier": "9f3edcce-43db-425a-b437-eb612a443e1a", "name": "Ortsmuseum Hallau", "description": "<p>Das Ortsmuseum Hallau ist der richtige Ort f&uuml;r historisch interessierte G&auml;ste.</p><p>Die Ausstellung &laquo;Hallau. Eigensinnig. Innovativ. Wehrhaft.&raquo; beleuchtet die Entwicklung der Region von der Entstehung der Landschaft bis in die Gegenwart. Daneben beinhaltete das Museum unter anderem eine grosse Waffensammlung mit dem Genferstutzen als Prunkst&uuml;ck, Uniformen und Trachten aus der Region Hallau, Werkzeuge und Gebrauchsgegenst&auml;nde der Handwerker und des Gewerbes, Dokumente und Bilder aus Hallau, eine Feuerwehrausstellung sowie das Wasser- und Elektrizit&auml;tswerk Hallau (WEH). Zudem ist im Museum die Zeilensetz- und Giessmaschine &laquo;Lino&raquo; ausgestellt, welche immer noch in Betrieb ist.</p>", "url": "http://www.ortsmuseum-hallau.ch/", "image": "https://shltpimtsoch.sos-ch-dk-2.exoscale-cdn.com/catalog/d/a/b/0/dab09f61fad09f108e533c6524694fbf133b14a3_hallau_ortsmuseum_ausstellungsraum.jpg", "openstreetmap_id": "node/3206420258"}, "geometry": {"type": "Point", "coordinates": ["8.4621471", "47.6985696"]}}, {"type": "Feature", "properties": {"identifier": "a045cc3e-f939-48b4-9c31-bd01345966b1", "name": "Grillstelle Rummele", "description": "<p>Daneben steht eine kleine Holzh&uuml;tte mit einem Unterstand.</p>", "image": "https://shltpimtsoch.sos-ch-dk-2.exoscale-cdn.com/catalog/b/b/f/e/bbfe1e9664ff41b5c2b9a69b31319dc1b3dc396d_Rummeln_2.jpg", "openstreetmap_id": "node/8119721979"}, "geometry": {"type": "Point", "coordinates": ["8.4715733", "47.7242184"]}}, {"type": "Feature", "properties": {"identifier": "a193c26e-e508-43e8-bc20-6e926c6772f7", "name": "Grillstelle Staabruch", "description": "<p>Die Grillstelle befindet sich auf einer offenen Lichtung im Wald. Zur Ausstattung geh&ouml;ren Steinsitze, Tische sind keine vorhanden.</p>", "image": "https://shltpimtsoch.sos-ch-dk-2.exoscale-cdn.com/catalog/6/e/9/9/6e99d91e7acd016e73ee246ad397c4c986129acc_Staabruch_8..jpg", "openstreetmap_id": "node/10216810892"}, "geometry": {"type": "Point", "coordinates": ["8.4946247", "47.6666856"]}}, {"type": "Feature", "properties": {"identifier": "a2cd21a3-df0e-4f41-bd9f-879b2b23b374", "name": "Grillstelle Wiiteh\u00e4uli", "description": "<p>Der grossz&uuml;gige Grillplatz hat eine Feuerstelle, diverse Sitzm&ouml;glichkeiten sowie einen Unterstand mit einem Tisch und B&auml;nken.</p>", "image": "https://shltpimtsoch.sos-ch-dk-2.exoscale-cdn.com/catalog/b/7/a/b/b7ab7384e61ee5ace67e5cc8c1b26503f1f4f95d_Stetten_1..jpg", "openstreetmap_id": "node/10223640965"}, "geometry": {"type": "Point", "coordinates": ["8.6464332", "47.7376794"]}}, {"type": "Feature", "properties": {"identifier": "a2d16596-eb0e-477e-8391-799937c62528", "name": "Kirche St. Johann", "description": "<p>Die barocke Stuckdecke im Hauptschiff schuf Johann Jakob Sch&auml;rer 1733. Das Kreuztragungsfresko an der Westwand neben der Orgel entstand um 1500 und zeigt im Hintergrund die &auml;lteste bekannte (Teil-) Ansicht Schaffhausens. 1990 erfolgte die Einweihung der neu renovierten Kirche St. Johann; sie wird auch als Konzertkirche genutzt und ist Auff&uuml;hrungsort der Bachfachfeste.</p>", "url": "https://www.ref-sh.ch/kg/sjm/", "image": "https://shltpimtsoch.sos-ch-dk-2.exoscale-cdn.com/catalog/f/b/0/5/fb0521707c45b8521a1956592e4ac73b5d6fabbf_sh_st_johann_kirche_oktober_herbst.jpg", "openstreetmap_id": "way/159312646"}, "geometry": {"type": "Point", "coordinates": ["8.636059927401881", "47.696454349999996"]}}, {"type": "Feature", "properties": {"identifier": "a5d3b35a-23e4-42f6-8129-f06113e6074f", "name": "Museum Stemmler", "description": "<p>Ein Museum im Museum. Die Ausstellung zeigt viele V&ouml;gel und S&auml;ugetiere aus Schaffhausen und Europa: Pr&auml;parate, Federn, Nestern, Eier, Geweihe, Zeichnungen, Fotografien.</p><p>Eine Audio-Tour f&uuml;hrt durch das Museum. Erfahren Sie Hintergr&uuml;ndiges und Unterhaltsames zu Carl Stemmler und seinem Museum sowie zu naturkundlichen Themen.</p><p>Kinder und Familien k&ouml;nnen mit einer akustischer Schnitzeljagd das Museum erkunden und sich in der Waldtier-WG spielerisch besch&auml;ftigen. Ein Haus voller Tiere, die faszinieren.</p>", "url": "https://allerheiligen.ch/besuch/museum-stemmler/", "image": "https://shltpimtsoch.sos-ch-dk-2.exoscale-cdn.com/catalog/8/7/e/8/87e8eb1a99e5a1111a0a0ed14d0b75e435d29b90_stemmler_museum_schaffhausen_Fasane.jpg", "openstreetmap_id": "node/1129367661"}, "geometry": {"type": "Point", "coordinates": ["8.6346024", "47.6966564"]}}, {"type": "Feature", "properties": {"identifier": "a73a1d8f-ae37-4cd5-ac3a-202be31a5304", "name": "Grillstelle Eichhalde", "description": "<p>Die Grillstelle verf&uuml;gt &uuml;ber eine Schutzh&uuml;tte sowie Sitzgelegenheiten und bietet einen gem&uuml;tlichen Ort f&uuml;r eine Rast oder ein gemeinsames Grillieren.</p>", "image": "https://shltpimtsoch.sos-ch-dk-2.exoscale-cdn.com/catalog/4/7/f/1/47f11e1798dc943f9cbf12bbbc1934291a6e78ed_Eichhalde.jpg", "openstreetmap_id": "node/10223640962"}, "geometry": {"type": "Point", "coordinates": ["8.8471604", "47.6917019"]}}, {"type": "Feature", "properties": {"identifier": "a9ce7d40-e518-4fc7-adff-ef32060d4f25", "name": "Naturzentrum Thurauen", "description": "<p>Lassen Sie sich in die faszinierende Natur einer lebendigen Flussaue entf\u00fchren! Im Naturzentrum Thurauen erwarten Sie die interaktive Ausstellung \u201eKosmos Auenlandschaft\u201c mit dem Erlebnispfad durch den Auenwald und einer Sonderausstellung \u00abWow, ein Eisvogel\u00bb. Das Restaurant, das vom TCS gef\u00fchrt wird, l\u00e4dt mit einer grossz\u00fcgigen Terrasse, Chemin\u00e9e und Lounge zu jeder Jahreszeit zum Verweilen ein. Schwimmbad, Feuerstellen und Spielplatz runden das vielf\u00e4ltige Angebot f\u00fcr Jung und Alt ab. Das Naturzentrum ist zudem Ausgangspunkt f\u00fcr Wanderungen durch die einzigartigen Thurauen und Familien k\u00f6nnen den abwechslungsreichen Abenteuerweg Thurauen erkunden (Start beim Parkplatz Ellikerbr\u00fccke).</p><p>Oder beginnen Sie Ihren Teamausflug mit einer erlebnisreichen F\u00fchrung durch das gr\u00f6sste Auenschutzgebiet des Mittellandes. Unter fachkundiger Leitung entdecken Sie die sch\u00f6nsten Ecken der Thurauen, erfahren mehr \u00fcber die Renaturierung und begegnen einigen typischen Auenbewohnern. Die Mittagspause verbringen Sie an einer gem\u00fctlichen Feuerstelle direkt an der Thur. Am Nachmittag steht Ihr Team im Fokus: mit einem Teamtrainer optimieren Sie die Zusammenarbeit und st\u00e4rken den Zusammenhalt mit anspruchsvollen Aufgaben unter freiem Himmel.</p>", "url": "http://naturzentrum-thurauen.ch/", "image": "https://shltpimtsoch.sos-ch-dk-2.exoscale-cdn.com/catalog/a/b/6/b/ab6b2ceb729770f94eae5d42c3284d94559262f0_DSC_0420.JPG", "openstreetmap_id": "node/1436693226"}, "geometry": {"type": "Point", "coordinates": ["8.5816947", "47.5789571"]}}, {"type": "Feature", "properties": {"identifier": "ab41391c-2fbd-473a-b011-3b64e739f430", "name": "Spielplatz Beringer Randenturn", "description": "<p>Eine Schaukel, ein Kletterger&uuml;st, Reckstangen und eine Wippe laden zum sich austoben ein. Ebenfalls hat es beim Spielplatz eine Grillstelle und ein Restaurant.</p>", "image": "https://shltpimtsoch.sos-ch-dk-2.exoscale-cdn.com/catalog/7/c/d/e/7cde94ed6acc09b2af2c10aa5c5df5bf5a61df3c_beringen_spielplatz_beringer_randenturm_juli_sommer__1_.jpg", "openstreetmap_id": "way/979838867"}, "geometry": {"type": "Point", "coordinates": ["8.581202030181887", "47.70550591623742"]}}, {"type": "Feature", "properties": {"identifier": "abe2d2ae-b412-4489-84ef-1b522b262394", "name": "Spielplatz Niederfeld OT Altenburg", "description": "<p><span data-teams=\"true\">Spielplatz mit vielen spannenden Spielelementen.</span></p>", "image": "https://shltpimtsoch.sos-ch-dk-2.exoscale-cdn.com/catalog/0/e/f/2/0ef2d8e049643125a53179ace5dfc4167603b61c_spielplatz_niederfeld_altenburg.jpg", "openstreetmap_id": "way/1291300162"}, "geometry": {"type": "Point", "coordinates": ["8.609016", "47.658637"]}}, {"type": "Feature", "properties": {"identifier": "ad0e4a6a-e8fb-4dd6-a4d4-62c34ba4b3c1", "name": "Multifunktionsplatz", "description": "<p>Der Platz liegt neben der Schule.</p>", "image": "https://shltpimtsoch.sos-ch-dk-2.exoscale-cdn.com/catalog/c/0/8/2/c0826d8130a5e3ce35aa4867425a153ebeb379ef_Multifunktionsplatz_1.JPG", "openstreetmap_id": "way/1291301507"}, "geometry": {"type": "Point", "coordinates": ["8.568482333425065", "47.653230140016554"]}}, {"type": "Feature", "properties": {"identifier": "af9de553-caba-48fd-bcd4-f204bb88d7ed", "name": "8247 Weinbau", "description": "Die Zwirnerei ist ein Industrieloft mit einer aussergew\u00f6hnlichen Atmosph\u00e4re. Der stilvoll eingerichtete Innenraum bietet Platz f\u00fcr 40 Personen. Dank seiner Gr\u00f6sse (140m2) und der Terrasse (50 m2) lassen sich private und gesch\u00e4ftliche Anl\u00e4sse vielf\u00e4ltig gestalten.\nBegr\u00fcssen Sie zum Beispiel die G\u00e4ste bei einem Ap\u00e9ro auf der Terrasse, geniessen Sie dann das Essen im gem\u00fctlichen Gastro-Bereich und lassen Sie den Abend im Barbereich ausklingen. Oder beschliessen Sie Ihren gesch\u00e4ftlichen Workshop mit einem Glas Wein auf der Terrasse. \n\nVorteile:\nParkpl\u00e4tze, Anschluss zum \u00d6V (Busstation Arova)\nSatellitenk\u00fcche\nWein- und Wassergl\u00e4ser\n4 moderne Toiletten\n\n\n\nWeinbau:\nWir lesen alle unsere Trauben von Hand und bringen sie zu unserem Partnerbetrieb Besson-Strasser im benachbarten Uhwiesen. Dort wird das Traubengut schonend verarbeitet. Das heisst Verzicht auf Maischepumpen, spontane Verg\u00e4rung ohne Zufuhr von Zuchthefen, m\u00f6glichst wenig Einflussnahme auf die Vinifikation, indem z.B. Filtration und Schwefelzufuhr auf ein Minimum reduziert werden.", "url": "https://www.8247.ch/", "image": "https://shltpimtsoch.sos-ch-dk-2.exoscale-cdn.com/catalog/7/e/1/7/7e1741198a25d7a1d2ea9b19ba9279de133ebb28_Zwirnerei_Innen_01.jpg", "openstreetmap_id": "way/99511525"}, "geometry": {"type": "Point", "coordinates": ["8.63062438494537", "47.690905377660414"]}}, {"type": "Feature", "properties": {"identifier": "b26a4354-ffae-4e2f-ac7d-9251ce2e6859", "name": "Grillstelle Randenhaus", "description": "<p>Die Grillstelle liegt oberhalb einer kleinen Wiese am Waldrand und ist in wenigen Gehminuten vom Parkplatz des Siblinger Randenhauses erreichbar. Sie bietet eine Aussicht, bei gutem Wetter sind die Berge sichtbar.</p>", "image": "https://shltpimtsoch.sos-ch-dk-2.exoscale-cdn.com/catalog/b/6/e/8/b6e8a96c6c2897e21db48626e2c69a7fb56a3b21_Randenhaus_1..jpg", "openstreetmap_id": "node/3596189942"}, "geometry": {"type": "Point", "coordinates": ["8.5374083", "47.7316052"]}}, {"type": "Feature", "properties": {"identifier": "b30e1922-f8b4-4c3d-ab71-55b7b560c144", "name": "Vorstadt Vari\u00e9t\u00e9", "description": "<p>Am 12. Januar 1957 ging in der Sch&uuml;tzenstube zum allerersten Mal der Vorhang auf. Viele hundert Vorstellungen sind seitdem in der legend&auml;ren Sch&uuml;tzenstube schon &uuml;ber die B&uuml;hne gegangen.</p>", "url": "http://www.vorstadtvariete.ch/", "image": "https://shltpimtsoch.sos-ch-dk-2.exoscale-cdn.com/catalog/1/0/3/7/10372d28be5ab49b13a7a33e1136e0627ca682b5_thumb_155432.jpg", "openstreetmap_id": "node/10213755887"}, "geometry": {"type": "Point", "coordinates": ["8.6352019", "47.6988822"]}}, {"type": "Feature", "properties": {"identifier": "b3e5dc69-d135-4ad6-a756-7fe176c9659f", "name": "Spielplatz Schloss Laufen", "description": "Ein kleiner Spielplatz mit Rutschbahn, Kletterseilen und Balancierbalken beim Schloss Laufen l\u00e4dt zum Austoben ein. ", "image": "https://shltpimtsoch.sos-ch-dk-2.exoscale-cdn.com/catalog/3/b/0/1/3b0178413b6052e3942bf7387b50e57859b7f06e_dachsen_spielplatz_schloss_laufen_april_fruehling.jpeg", "openstreetmap_id": "way/486211249"}, "geometry": {"type": "Point", "coordinates": ["8.61515438071403", "47.67609645"]}}, {"type": "Feature", "properties": {"identifier": "b41f7580-3f3c-4950-99f4-1edca9368abf", "name": "Grillstelle Hirschbr\u00fcnneli", "description": "<p>Die kleine Grillstelle eignet sich zum Picknicken und Grillieren.</p>", "image": "https://shltpimtsoch.sos-ch-dk-2.exoscale-cdn.com/catalog/1/9/9/e/199eff23679c8b6c2aa86145f273c8a42aed3394_grillstelle_hirshcbruenneli_feuerstelle_wald.jpg", "openstreetmap_id": "node/10223640966"}, "geometry": {"type": "Point", "coordinates": ["8.8472839", "47.7008861"]}}, {"type": "Feature", "properties": {"identifier": "b52444b5-5211-4a4f-b98b-41affab5a6e3", "name": "Badeplatz R\u00fcdlingen", "description": "<p>Schattenspendende B&auml;ume, eine Wiese und ein Kiesstrand bieten Erholung im unteren Kantonsteil, auch die Toskana von Schaffhausen genannt. Ebenfalls hat es eine Feuerstelle und Picknick-Tische direkt beim Badeplatz. Dies ist ein Badeplatz im offenen, fliessenden Gew&auml;sser. Das Schwimmen im Rhein ohne Erfahrung ist nicht zu untersch&auml;tzen.</p>", "image": "https://shltpimtsoch.sos-ch-dk-2.exoscale-cdn.com/catalog/3/b/c/a/3bcadc5f6a6cc572139a9a5ad9a6e7b0d36ecdb5_ruedlingen_rhein_kies_strand.jpeg", "openstreetmap_id": "node/10213910562"}, "geometry": {"type": "Point", "coordinates": ["8.5789844", "47.5787632"]}}, {"type": "Feature", "properties": {"identifier": "b60d74c8-8a8a-46f0-bf54-17b3d7642cce", "name": "Gartenst\u00fcbli Familiengartenverein-Herblingen", "description": "<p class=\"MsoNormal\"><span style=\"font-size: 12.0pt; line-height: 115%; font-family: 'Verdana','sans-serif';\">Das Vereinshaus erm&ouml;glicht uns, einen barrierefreien, vielseitig nutzbaren Raum f&uuml;r unsere P&auml;chterinnen und P&auml;chter zu schaffen, der sowohl unseren Vereinsaktivit&auml;ten als auch der lokalen Gemeinschaft langfristig zugutekommt. Das Gartenst&uuml;bli ist ca. 50 m2 gross und bietet f&uuml;r 30-35 Personen Platz.</span></p><p class=\"MsoNormal\"><span style=\"font-size: 12.0pt; line-height: 115%; font-family: 'Verdana','sans-serif'; mso-bidi-font-weight: bold;\">Unser Gartenst&uuml;bli kann f&uuml;r verschiedene Anl&auml;sse wie Geburtstage, Jubil&auml;en, Sitzungen, Vortr&auml;ge, Generalversammlungen und &auml;hnliche Veranstaltungen gemietet werden, dies von P&auml;chterinnen, P&auml;chtern und Fremdmietern. </span></p><p class=\"MsoNormal\"><span style=\"font-size: 12.0pt; line-height: 115%; font-family: 'Verdana','sans-serif'; mso-bidi-font-weight: bold;\">&nbsp;</span></p>", "url": "https://www.familiengartenverein-herblingen.ch", "image": "https://shltpimtsoch.sos-ch-dk-2.exoscale-cdn.com/catalog/e/7/0/d/e70d4edcb31143d15d790143164c342805527fd3_Gartenst__bli_1.jpeg", "openstreetmap_id": "node/3135615171"}, "geometry": {"type": "Point", "coordinates": ["8.6583257", "47.7200664"]}}, {"type": "Feature", "properties": {"identifier": "b856c110-24c4-44db-bca7-322dffc80355", "name": "Spielplatz Rheinfallquai", "description": "<p>Dieser Spielplatz liegt direkt am Becken des Rheinfalls. W&auml;hrend dem Klettern, Spielen und sich Austoben h&ouml;rt man im Hintergrund das Rauschen der Wassermassen, die den gr&ouml;ssten Wasserfall Europas <span data-teams=\"true\">hinunterst&uuml;rzten</span>. Ein Kletterger&uuml;st sowie eine Rutschbahn machen den Besuch am Rheinfall doppelt zum Abenteuer. Ebenfalls hat es gleich daneben auch eine Grillstelle und Tische zum Picknicken und Grillieren.</p>", "image": "https://shltpimtsoch.sos-ch-dk-2.exoscale-cdn.com/catalog/a/e/1/e/ae1e707be85060d338a11fe12cc7ac8cddc36cfd_20240409_080953.jpg", "openstreetmap_id": "node/5578815721"}, "geometry": {"type": "Point", "coordinates": ["8.6117709", "47.6791255"]}}, {"type": "Feature", "properties": {"identifier": "b8c17f2d-e171-4bde-b26e-19d2b996ff6b", "name": "Schiffm\u00e4ndli - Schifffahrt am Rheinfall", "description": "<p>Erleben Sie den Rhein zwischen dem tosenden Rheinfall und Eglisau auf den Booten von &laquo;Schiffm&auml;ndli&raquo;. Ob allein oder in der Gruppe, bei unserem Sonntagsbrunch auf dem Schiff, einer aufregenden Schleusenfahrt oder einem gem&uuml;tlichen Ausklang des Abends bei einem Glas Wein - wir bieten Ihnen umfangreiche Angebote rund um die Schifffahrt auf dem Rheinfall und dem &laquo;rheinischen Amazonas&raquo;.</p>", "url": "http://schiffmaendli.ch/", "image": "https://shltpimtsoch.sos-ch-dk-2.exoscale-cdn.com/catalog/f/3/8/0/f380a15b609d84210962a3a287f499669dd170ea_SCHIFFMA__NDLI2024__MGS5202_AUSSCHNITT_01__72dpi_3200px_bymoduleplus.jpg", "openstreetmap_id": "node/370461800"}, "geometry": {"type": "Point", "coordinates": ["8.611457282052802", "47.677538929401635"]}}, {"type": "Feature", "properties": {"identifier": "b95235e9-7947-40d0-b537-a024fc4eeeb9", "name": "Grillplatz Underi Merishaalde", "description": "<p>Die Grillstelle befindet sich bei L&ouml;hningen. Sie bietet eine sch&ouml;ne Aussicht &uuml;ber das Chl&auml;ggi.</p>", "image": "https://shltpimtsoch.sos-ch-dk-2.exoscale-cdn.com/catalog/b/0/f/d/b0fd3c229a0d7d5d5388f9cda49ee59dd85bed4f_IMG_1552_96_.jpg", "openstreetmap_id": "node/12014328776"}, "geometry": {"type": "Point", "coordinates": ["8.5420172", "47.7061458"]}}, {"type": "Feature", "properties": {"identifier": "ba49546d-5d2a-451e-bae8-e10faaa052b8", "name": "Kochstall", "description": "<p><span style=\"font-weight: bold;\">Gruppen Kochevent</span><br>Ob als Teamevent f\u00fcr die Mitarbeitenden, Familienfeier oder Kochseminar. Unsere Kochevents sind unvergessliche Gemeinschaftserlebnisse und Sie erweitern ganz nebenbei ihre Kochk\u00fcnste.</p><p><span style=\"font-weight: bold;\">Feste &amp; Bankett</span>e<br>Runde Geburtstage, Konfirmationen oder ein Firmenjubil\u00e4um: Einen guten Grund zum Feiern gibt es immer. Der Kochstall bietet den festlichen Rahmen f\u00fcr Ihren Anlass.</p>", "url": "https://www.kochstall.ch", "image": "https://shltpimtsoch.sos-ch-dk-2.exoscale-cdn.com/catalog/1/6/c/7/16c76e4f8dcc128ed1865432148ca4edce27ed50_IBR_200523_0012__2.jpg", "openstreetmap_id": "node/9974644094"}, "geometry": {"type": "Point", "coordinates": ["8.4967173", "47.7031654"]}}, {"type": "Feature", "properties": {"identifier": "bac9d4ff-6531-45ab-8dbb-0dfa10dded44", "name": "Munotspielplatz", "description": "Der Spielplatz ist mit einem riesigen Kletterger\u00fcst, einer Rutschbahn, einer Schaukel, einem Sandkasten, einer Wasserpumpe und noch vielem mehr einer der gr\u00f6ssten in Schaffhausen.\n\nAuf der grossz\u00fcgigen Wiese mit Picknicktischen und schattenspendenden B\u00e4umen kann man das selbst mitgebrachte Picknick geniessen oder den Kindern beim Spielen zusehen.\n\nEs hat ein \u00f6ffentliches WC.", "image": "https://shltpimtsoch.sos-ch-dk-2.exoscale-cdn.com/catalog/e/f/a/3/efa3b2b762b98944153e3603696ce01fae23bf59_sh_munotspielplatz_september__14_.jpg", "openstreetmap_id": "way/366841140"}, "geometry": {"type": "Point", "coordinates": ["8.641274170491883", "47.697636200000005"]}}, {"type": "Feature", "properties": {"identifier": "bbdc201b-7b4b-4973-bbd3-e54dcad5beac", "name": "Spielplatz Robinson", "description": "Auf einer grossen Wiese befinden sich zwei Fussballtore und eine Schaukel. Ebenfalls sind zwei Grillpl\u00e4tze vorhanden.", "image": "https://shltpimtsoch.sos-ch-dk-2.exoscale-cdn.com/catalog/6/d/b/f/6dbf363597b7a236be1a9e7b0725faf2782d8294_robinson.jpg", "openstreetmap_id": "way/26696188"}, "geometry": {"type": "Point", "coordinates": ["8.579353833529144", "47.70026755"]}}, {"type": "Feature", "properties": {"identifier": "bccc09ff-f5f1-4488-8f0a-a9d6576e6a23", "name": "Spielplatz Dankholz  Kirchen\u00e4cker", "description": "<p>Der Spielplatz befindet sich am Rande von Jestetten.</p>", "image": "https://shltpimtsoch.sos-ch-dk-2.exoscale-cdn.com/catalog/4/5/5/e/455eda3ecadf78f63203377db7df9284fb26b05c_Dankholz_1.JPG", "openstreetmap_id": "way/694982046"}, "geometry": {"type": "Point", "coordinates": ["8.579088449298574", "47.65825898800773"]}}, {"type": "Feature", "properties": {"identifier": "bf2a8727-a126-487c-a4c8-49297b16078c", "name": "Grillstelle Lohn", "description": "<p>Aufgrund der leicht erh&ouml;hten Lage bietet der Platz einen ausgezeichneten Ausblick &uuml;ber die Region. Grill und Sitzgelegenheiten sind vorhanden.</p>", "image": "https://shltpimtsoch.sos-ch-dk-2.exoscale-cdn.com/catalog/0/2/4/c/024c30b511270eb0f519d525913cc3c1b2ba6866_15_Lohn.jpg", "openstreetmap_id": "node/4332860978"}, "geometry": {"type": "Point", "coordinates": ["8.6753243", "47.7625627"]}}, {"type": "Feature", "properties": {"identifier": "bf39aa48-6e2c-4321-8157-0178475fe3c4", "name": "Autohalle Classics", "description": "<p>Ob Tagung, Hochzeit, Gesch&auml;ftsveranstaltung oder private Feier, unser Team findet f&uuml;r jede Gelegenheit den passenden Rahmen. Es stehen verschieden grosse mit modernster Technik ausgestattete Event- und Tagungsr&auml;ume zur Verf&uuml;gung. Gerne planen wir gemeinsam deinen Anlass nach Wunsch!</p>", "url": "https://autohalle.ch/", "image": "https://shltpimtsoch.sos-ch-dk-2.exoscale-cdn.com/catalog/8/e/3/c/8e3c2aa4f078753016eb1807841fedf0b309fa28_Eventhalle_mit_Rundtischen_gedeckt.jpg", "openstreetmap_id": "node/10752986782"}, "geometry": {"type": "Point", "coordinates": ["8.6921318", "47.5935036"]}}, {"type": "Feature", "properties": {"identifier": "bf404ee9-47f2-44fb-8086-5d0c35f33a50", "name": "Schaaren", "description": "Schaffhauser und Schaffhauserinnen stacheln mit dem Weidling gerne hier hin und machen eine Pause.", "image": "https://shltpimtsoch.sos-ch-dk-2.exoscale-cdn.com/catalog/1/3/4/9/1349d0751303ba4d9bebecc0dea836312c5eec62_schaaren_rhein_weidling_juli_sommer__1_.jpg", "openstreetmap_id": "node/6419655805"}, "geometry": {"type": "Point", "coordinates": ["8.6939409", "47.6936481"]}}, {"type": "Feature", "properties": {"identifier": "c1fcde69-c4aa-4796-9913-decd9fb05df2", "name": "Grillstelle Osterfingen", "image": "https://shltpimtsoch.sos-ch-dk-2.exoscale-cdn.com/catalog/f/e/2/a/fe2a116b62a87fab640580be57d82240149283a8_Grillstelle_Spielplatz_Osterfingen.JPG", "openstreetmap_id": "node/7681371314"}, "geometry": {"type": "Point", "coordinates": ["8.4980652", "47.6634677"]}}, {"type": "Feature", "properties": {"identifier": "c37661c7-b2ec-428b-9aa9-3c4300be12fb", "name": "Schweizerische Schifffahrtsgesellschaft Untersee und Rhein", "description": "<p>Leinen los f&uuml;r eine unvergessliche Reise auf dem Wasser. Ob in der Gruppe oder ganz privat &ndash; auf Untersee und Rhein entdeckst Du einzigartige Ausflugsziele wie Stein am Rhein, die Weltkulturerbe-Insel Reichenau oder das Schloss Arenenberg mit dem Napoleonmusem. Erlebe idyllische, unber&uuml;hrte Flusslandschaften, vertr&auml;umte Buchten und <strong>historische Uferorte</strong>, w&auml;hrend unsere Kochpiraten bei sanften Wellen K&ouml;stliches aus der Komb&uuml;se servieren.</p><p>Ein Highlight: die&nbsp;<strong>spektakul&auml;re Br&uuml;ckendurchfahrt bei Diessenhofen</strong>. Spezialangebote wie die <strong>Brunch-und Vogelschau-Fahrten</strong> oder das <strong>Wiischiff</strong> laden zum Geniessen, Verweilen und Entdecken ein. Unsere Kursschiffe verkehren von April bis Oktober zwischen Schaffhausen und Konstanz / Kreuzlingen. Lass Dich treiben und g&ouml;nne Dir einen Tag auf dem Wasser. Wir freuen uns, Dich bald an Bord begr&uuml;ssen zu d&uuml;rfen.</p>", "url": "http://www.urh.ch/", "image": "https://shltpimtsoch.sos-ch-dk-2.exoscale-cdn.com/catalog/c/5/3/d/c53ded2d64ac57231f7f270eba31421d5b03e4de_Kreuzung_Untersee_quer.jpg", "openstreetmap_id": "node/4436281782"}, "geometry": {"type": "Point", "coordinates": ["8.640824", "47.6953486"]}}, {"type": "Feature", "properties": {"identifier": "c3af0d91-9994-47df-800d-1541fecd3e6f", "name": "Grillstelle uf Rummelen", "description": "Drei Grillstellen laden zum gem\u00fctlichen Zusammensitzen ein. \nDie vielen Grillstellen sowie Sitzm\u00f6glichkeiten, schattenspendenden B\u00e4ume und grosse Wiese machen uf Rummelen zum perfekten Grillplatz f\u00fcr Gruppen. Feuerholz vor Ort vorhanden (ohne Garantie).\nMehrere Parkpl\u00e4tze befinden sich direkt beim Grillplatz. \n\nVon hier aus kann eine grossartige Aussicht in den Schwarzwald sowie ins Chl\u00e4ggi genossen werden.\n\nWer sich fu\u0308r das U\u0308bernachten im Zelt interessiert (auch als Zeltlager fu\u0308r Gruppen geeignet), hat die Mo\u0308glichkeit auf \u00abRummelen\u00bb die Annehmlichkeiten eines Zeltplatzes auf dem Hallauerberg zu geniessen.\nAnmeldung bei der Gemeinde Hallau.", "image": "https://shltpimtsoch.sos-ch-dk-2.exoscale-cdn.com/catalog/8/f/e/c/8fecbb3e2f8d325080a6508455b8cc215fc6ee42_hallau_grillstelle_uf_rummelen_oktober_herbst__6_.jpg", "openstreetmap_id": "node/9382653068"}, "geometry": {"type": "Point", "coordinates": ["8.431931", "47.6972076"]}}, {"type": "Feature", "properties": {"identifier": "c4500561-e802-47ef-bd3c-7ee8b62e9d0e", "name": "Grillstelle am Rheinfall", "description": "<p>Es hat eine Feuerstelle, einen Tisch und diverse B&auml;nke. Gleich daneben befindet sich ein Spielplatz.</p>", "image": "https://shltpimtsoch.sos-ch-dk-2.exoscale-cdn.com/catalog/3/4/8/e/348e1fba880e68fe213b2cf5af2d40e48a29b338_Rheinfall.jpg", "openstreetmap_id": "node/2940812189"}, "geometry": {"type": "Point", "coordinates": ["8.6115347", "47.6789211"]}}, {"type": "Feature", "properties": {"identifier": "c7863b5b-6364-4f81-8863-5a4fc45b5f06", "name": "Grillplatz Felsent\u00e4li", "description": "<p>Der grossz&uuml;gige Grillplatz Felsent&auml;li bietet viel Platz.</p>", "image": "https://shltpimtsoch.sos-ch-dk-2.exoscale-cdn.com/catalog/5/6/7/4/5674f424b14ac0383c2f16169365b084aec47ec6_sh_grillplatz_felsentaeli.JPG", "openstreetmap_id": "node/1926187838"}, "geometry": {"type": "Point", "coordinates": ["8.625959320888798", "47.71318609982943"]}}, {"type": "Feature", "properties": {"identifier": "c7d43100-6b1c-41c1-a9ee-f7a08ccd6bb1", "name": "Grillplatz R\u00fcedifar", "description": "<p>Ein offizieller Parkplatz befindet sich nur wenige Gehminuten entfernt.</p>", "image": "https://shltpimtsoch.sos-ch-dk-2.exoscale-cdn.com/catalog/d/2/6/e/d26eeae23d472b15a53709a00852419a781a5f72_Grillplatz_R__edifar.JPG", "openstreetmap_id": "node/10207461811"}, "geometry": {"type": "Point", "coordinates": ["8.6039619", "47.6193539"]}}, {"type": "Feature", "properties": {"identifier": "c811429c-80ca-45c3-b59f-d728565f374e", "name": "F\u00e4hre Paradies", "description": "<p>M&ouml;chten Sie nach einem Anlass im Paradies/Schlatt nicht mit dem Auto oder mit dem Zug nach Schaffhausen fahren? Oder wollen Sie einfach den Rhein trocken &uuml;berqueren? Wir sind von April bis Ende September t&auml;glich f&uuml;r Sie da.&nbsp;</p><p>Die F&auml;hrboote (offen und geschlossen) k&ouml;nnen auch f&uuml;r Rundfahrten gebucht werden.</p>", "url": "https://www.klostergutparadies.ch/de/klostergut-paradies/region-and-activities/port-services.html", "image": "https://shltpimtsoch.sos-ch-dk-2.exoscale-cdn.com/catalog/f/e/1/4/fe142b305940a48a03ad2fc30b66cf00ab7f934e_gf_boats_teaser__3.jpg", "openstreetmap_id": "node/2338335336"}, "geometry": {"type": "Point", "coordinates": ["8.673845529556276", "47.685929553267556"]}}, {"type": "Feature", "properties": {"identifier": "c821da5a-fdb6-4c81-9715-c55421e329e3", "name": "Grillstelle & Aussichtspunkt Wolkenstein", "description": "<p>Hier kannst du eine herrliche Aussicht &uuml;ber Hemishofen und den Rhein geniessen. Fr&uuml;her stand auf dem Areal eine Burg. Heute sind nur noch wenige Mauernspuren am nordwestlichen Ende des Wolkensteinberges zu erkennen.</p>", "image": "https://shltpimtsoch.sos-ch-dk-2.exoscale-cdn.com/catalog/9/b/6/0/9b60268b2e76269be1dbd8b8fdcdeaf2171c4a9a_steinamrhein_aussichtspunkt_wolkenstein_grillstelle_oktober_herbst__2_.jpg", "openstreetmap_id": "node/2657923801"}, "geometry": {"type": "Point", "coordinates": ["8.8380114", "47.6802142"]}}, {"type": "Feature", "properties": {"identifier": "c8af36e0-bbec-4fb0-a102-56dd5fec2660", "name": "Museum Schleitheimertal", "description": "<p>Schaue im Museum herein - angelegt im alten Schulhaus aus dem Jahr 1780 - und erfahre Interessantes rund um Schleitheim.</p><p>Die Ausstellungen beinhalten unter anderem Versteinerungen von vorzeitlichen Meeres- und Landbewohner. Erfahre mehr &uuml;ber den Dinosaurier Schleitheimia schutzi. Bilder, Dokumente und Funde aus der Schleitheimer Fr&uuml;hgeschichte sowie Gebrauchs- und Luxusgegenst&auml;nde und Handwerksachen aus dem Schleitheimer Alltagsleben sind in interessanten Ausstellungen zu erkunden. Zudem hat es eine kleine Ausstellung &uuml;ber die einstige Strassenbahn Schaffhausen-Schleitheim StSS. Ein internationale Anziehungspunkt ist der weltweit einzig &ouml;ffentlich zu sehende Druck des Schleitheimer-Bekenntnisses aus dem 16. Jh. und die dazugeh&ouml;rende Ausstellung &uuml;ber die Entstehung des T&auml;ufertums.</p>", "url": "https://www.museum-schleitheim.ch/", "image": "https://shltpimtsoch.sos-ch-dk-2.exoscale-cdn.com/catalog/7/0/4/5/7045194e82c5418e7fd34c5ab2e74c6894e5d84e_Schleitheimertal__1.jpg", "openstreetmap_id": "node/3622520879"}, "geometry": {"type": "Point", "coordinates": ["8.4889616", "47.7494859"]}}, {"type": "Feature", "properties": {"identifier": "c989461b-2f6b-43a6-9e7f-3dd2dd4c410b", "name": "Spielplatz Begegnungszentrum", "image": "https://shltpimtsoch.sos-ch-dk-2.exoscale-cdn.com/catalog/3/d/0/2/3d021bcdeed0379b7305e8f7ee8f2b8e7c780bd6_IMG20231128154305.jpg", "openstreetmap_id": "node/11093501607"}, "geometry": {"type": "Point", "coordinates": ["8.5680668", "47.5890818"]}}, {"type": "Feature", "properties": {"identifier": "c9ce7872-137c-40ef-a9a9-22dcd8d8a687", "name": "Graf & Gr\u00e4fin Hofgut", "description": "<p>Lernen Sie unsere Weine bei einer Degustation kennen und besuchen Sie uns auf unserem Hofgut. Nebst unseren k&ouml;stlichen Weinen bieten wir abwechslungsreiche Erlebnisse. Bei &laquo;Wein mit Esel&raquo; gehen Sie mit uns und unseren Eseln auf einen Spaziergang durch die Oberhallauer Reblandschaft und erfahren allerlei &uuml;ber die Rebarbeiten und besuchen den Sortengarten. Zum Schluss geniessen Sie die Goldeselweine beim Rebh&auml;uschen mit sch&ouml;ner Aussicht. Winzer f&uuml;r ein Jahr Erlernen Sie die Handarbeiten in den Reben und pflegen Sie Ihre eigene Rebreihe &uuml;ber ein ganzes Jahr. Unter fachkundiger Anleitung eignen Sie sich das Winzerhandwerk vom Rebschnitt bis zur Ernte an.</p>", "url": "https://graf-graefin.jimdofree.com/", "image": "https://shltpimtsoch.sos-ch-dk-2.exoscale-cdn.com/catalog/9/2/c/f/92cf25a458ab1c08ead23c1b447944e708f5f3e0_Feiern_mit_Esel_2.jpg", "openstreetmap_id": "way/276532789"}, "geometry": {"type": "Point", "coordinates": ["8.476370079967069", "47.7027291"]}}, {"type": "Feature", "properties": {"identifier": "ca7446c1-43f8-4c86-a525-231033b61ac7", "name": "Grillstelle im Dorf", "description": "Neben der Feuerstelle hat es einen Unterstand mit zwei Tischen sowie einen Pumptrack und Spielplatz. Diese Grillstelle ist somit perfekt f\u00fcr Familien geeignet.", "image": "https://shltpimtsoch.sos-ch-dk-2.exoscale-cdn.com/catalog/8/b/b/6/8bb6c6f83107691f9f6f53213944d918e13a14a4_image2.jpeg", "openstreetmap_id": "node/12063275173"}, "geometry": {"type": "Point", "coordinates": ["8.6571868", "47.7376476"]}}, {"type": "Feature", "properties": {"identifier": "caa010a8-2a9b-4fc6-b873-7991989e6f7c", "name": "Kleine B\u00fchne Schaffhausen", "description": "<p>Jahr f&uuml;r Jahr verbringen die Mitglieder der kleinen b&uuml;hne - Menschen aus unterschiedlichsten Lebenswelten - einen grossen Teile ihrer Freizeit daf&uuml;r, Geschichten auf die B&uuml;hne zu bringen. Ob als Schauspielende spielen, als Teil der Baucrew B&uuml;hnenbilder entstehen lassen, als Mitglied des N&auml;hteams Kost&uuml;me erschaffen oder als Verantwortliche f&uuml;r die Requisiten Brockenh&auml;user und Dachst&uuml;hle durchforsten &ndash; spielen, singen, h&auml;mmern, malen, zuschneiden, abstecken, aufsp&uuml;ren, schminken oder frisieren geh&ouml;ren dazu. So, wie die Produktionen zu Schaffhausen geh&ouml;ren. Ob vor Weihnachten f&uuml;r die Kinder oder alle zwei Jahre zur Saisoner&ouml;ffnung des Stadttheaters f&uuml;r die Erwachsenen.</p>", "url": "https://www.kleinebuehne.ch/", "image": "https://shltpimtsoch.sos-ch-dk-2.exoscale-cdn.com/catalog/a/3/e/3/a3e36ee7ee55feb39cdeea356d99651a7e9c8fe3_191206_LOC_klb_ZauberervonOz_478__3.jpg", "openstreetmap_id": "node/11972144072"}, "geometry": {"type": "Point", "coordinates": ["8.6502814", "47.7114905"]}}, {"type": "Feature", "properties": {"identifier": "cb3c5dde-2367-4bb6-a152-4b3fde89f391", "name": "Rathaus Stein am Rhein", "description": "<p><span data-teams=\"true\">Das Rathaus entstand in den Jahren 1539 bis 1542. Lange Zeit diente es auch als Tuch-, Korn- und Kaufhaus. Seine heutige Gestalt erhielt es zwischen 1898 und 1900. Damals wurden die Markthalle geschlossen sowie der Erker und die Malereien angebracht. Die Geschichtsbilder stammen vom Historienmaler Carl von H&auml;berlin aus Stuttgart, die Wappen und Figuren von Christian Schmidt aus Z&uuml;rich. Im gotischen Grossen Ratssaal befinden sich unter anderem die ber&uuml;hmte Wappenscheibenkollektion von 1542 und eine Waffensammlung aus dem 15. bis 18. Jahrhundert. Im Kleinen Ratssaal, der 1766 mit vergoldeter T&auml;felung im Rokoko-Stil ausgestattet wurde, tagt seit 1542 der Stadtrat.</span></p><p><span data-teams=\"true\">Das Rathausgeb&auml;ude und die Sammlungen k&ouml;nnen derzeit nicht besichtigt werden.</span></p>", "image": "https://shltpimtsoch.sos-ch-dk-2.exoscale-cdn.com/catalog/3/4/9/4/349443dcda4993e58d144ab6830a77790c99c6d4_steinamrhein_altstadt_rathausplatz_untersee_juli_sommer__1_.jpg", "openstreetmap_id": "way/44215856"}, "geometry": {"type": "Point", "coordinates": ["8.85969464159983", "47.65925145"]}}, {"type": "Feature", "properties": {"identifier": "cc5d18e6-1bc7-4624-a547-c8a611f8f8e3", "name": "Lindenhof Buchberg", "description": "<p class=\"MsoNormal\">Der Lindenhof liegt in Buchberg &ndash; eingebettet in eine idyllische Landschaft oberhalb des Rheinknies.</p><p class=\"MsoNormal\">Von April bis Ende Oktober &ouml;ffnen wir unsere <strong>Besenbeiz</strong> jeweils von Freitag bis Sonntag bei sch&ouml;nem Wetter und verw&ouml;hnen dich in entspannter Atmosph&auml;re mit hofeigenem Wein, bestem Fleisch und weiteren regionalen K&ouml;stlichkeiten.</p><p class=\"MsoNormal\">Auch f&uuml;r unsere kleinen G&auml;ste ist gesorgt &ndash; sie k&ouml;nnen sich auf unserem Spielplatz austoben, w&auml;hrend du die Zeit bei uns geniesst.</p><p class=\"MsoNormal\">W&auml;hrend der Saison sorgt &laquo;Kultur bim Buur&raquo; mit einem vielseitigen Programm f&uuml;r besondere Erlebnisse auf dem Lindenhof.</p><p class=\"MsoNormal\">In unserem t&auml;glich ge&ouml;ffneten <strong>Hofladen</strong> findest du hofeigene Produkte wie Wein, Traubenschorle und Rindfleisch, dazu regionale Spezialit&auml;ten, feine Guetsli, liebevoll ausgew&auml;hlte Geschenke oder einen Kaffee to go.</p><p class=\"MsoNormal\">Hier verbinden wir gelebte Tradition mit moderner, nachhaltiger <strong>Landwirtschaft</strong> &ndash; verantwortungsvoll, naturnah und zukunftsorientiert. <br>So entstehen hochwertige, nat&uuml;rliche Produkte, die man mit gutem Gef&uuml;hl geniessen kann.</p><p>Wir freuen uns auf deinen Besuch&nbsp;<br>Dominik &amp; Manuela Simmler&nbsp;<br>und das ganze Lindenhof Team</p>", "url": "https://lindenhof-sh.com/", "image": "https://shltpimtsoch.sos-ch-dk-2.exoscale-cdn.com/catalog/6/0/a/b/60abf7ad2f4ad9f80948c21b133861dfdfc954bf_20250430_071919.jpg", "openstreetmap_id": "way/11622951"}, "geometry": {"type": "Point", "coordinates": ["8.557626875845019", "47.56558047724612"]}}, {"type": "Feature", "properties": {"identifier": "cc8962eb-f13f-40e0-bf40-299d08b3eb8a", "name": "Karussell Neunkirch", "description": "<p>Ein Kinderkarussell, welches Kinder erfreut und bei Erwachsenen Kindheitserinnerungen aufkommen l&auml;sst. Nostalgische Figuren von h&uuml;pfenden Pferden &uuml;ber Schwan, G&uuml;ggel, L&ouml;we, B&auml;r usw. und nat&uuml;rlich die Orgelmusik begeistert die Kinder auf der Karussellfahrt. Das nostalgische Lafayette anno 1897 hat Platz f&uuml;r 12 Kinder pro Fahrt.</p><ul><li>Gr&ouml;sse des Modules: L&auml;nge 3,0 m x Breite 3,0 m x H&ouml;he 3,8 m</li><li>Platzbedarf: L&auml;nge 4,0 m Breite 4,0 m x H&ouml;he 4,0 m</li><li>Strombedarf: 1 x 230 V /16 A</li><li>Betreuung: 1 Person</li><li>Anzahl Pl&auml;tze: 12</li><li>Selbstbetreuung m&ouml;glich.</li><li>Instruktion ist im Preis inbegriffen.</li><li>Mietpreis: f&uuml;r 1 Tag CHF 750.00, jeder weitere Miettag (CHF 400.00). L&auml;ngere Buchungen auf Anfrage.</li><li>Auf- und Abbau vor Ort pauschal CHF 150.00</li><li>Lieferung: innerhalb Kanton Schaffhausen im Auf-und Abbaupreis inbegriffen. Weitere Distanzen nach Absprache.</li><li>Bedienservice durch uns: zus&auml;tzlich zum Mietpreis CHF 400.00 pro Tag.</li><li>Versicherung inklusive.</li><li>Betreuung bis 6 Stunden Aktionszeit. F&uuml;r jede weitere Stunde wird CHF 40.00 berechnet.</li></ul>", "image": "https://shltpimtsoch.sos-ch-dk-2.exoscale-cdn.com/catalog/2/5/a/b/25ab0d27f226b98ff471fa23c99dddcd71f7b802_neunkirch_karussell.jpg", "openstreetmap_id": "node/3217414535"}, "geometry": {"type": "Point", "coordinates": ["8.4987558", "47.6902925"]}}, {"type": "Feature", "properties": {"identifier": "cd82aa6f-b397-4ce0-b0bc-6919ce15bb03", "name": "Grillstelle Ch\u00f6pferplatz", "description": "<p>Die Grillstelle Ch&ouml;pferplatz verf&uuml;gt &uuml;ber eine Feuerstelle ohne installierten Grillrost.</p>", "image": "https://shltpimtsoch.sos-ch-dk-2.exoscale-cdn.com/catalog/6/4/4/3/6443cd519b7bd4788fdc2ce6afdeb99248cc871d_sh_grillstelle_choepferplatz.JPG", "openstreetmap_id": "node/10223640963"}, "geometry": {"type": "Point", "coordinates": ["8.6173559", "47.6957069"]}}, {"type": "Feature", "properties": {"identifier": "cdbbe07e-4ad4-4c1e-b15d-84b0d171c4f7", "name": "Himmelsliege und Panoramatafel Nack", "description": "Mit einer Himmelsliege und einer Panoramatafel kann man hier den Ausblick auf Nack geniessen.", "image": "https://shltpimtsoch.sos-ch-dk-2.exoscale-cdn.com/catalog/2/7/2/3/2723832ae89a136db47c551734f2a1a37c73834b_Himmelsliege.jpg", "openstreetmap_id": "node/8214186153"}, "geometry": {"type": "Point", "coordinates": ["8.573966330419594", "47.60928314914461"]}}, {"type": "Feature", "properties": {"identifier": "cdf08698-4864-4567-bd3b-836e32fd993a", "name": "Grillplatz Chapf", "description": "<p>Die Grillstelle Chapf bietet eine Aussicht &uuml;ber Thayngen. Zur Ausstattung geh&ouml;ren ein Spielplatz, eine Feuerstelle sowie mehrere Tische und B&auml;nke. Parkm&ouml;glichkeiten befinden sich beim Buchbergh&uuml;sli &ouml;stlich des Chapfs.</p>", "image": "https://shltpimtsoch.sos-ch-dk-2.exoscale-cdn.com/catalog/d/b/8/9/db8959e7029d0ea928f2f72dab8f30ba8d1afc18_Chapf_10..jpg", "openstreetmap_id": "node/4332866759"}, "geometry": {"type": "Point", "coordinates": ["8.716579946813", "47.74976522317026"]}}, {"type": "Feature", "properties": {"identifier": "ce10315c-0447-42b9-a903-bd9b5d617545", "name": "Grillstelle Wolfsbuck vorne", "description": "<p>Am Ende des Parkplatzes f&uuml;hrt ein schmaler Feldweg den H&uuml;gel hinauf, kurze Zeit sp&auml;ter liegt die Grillstelle etwas versteckt auf der linken Seite.</p>", "image": "https://shltpimtsoch.sos-ch-dk-2.exoscale-cdn.com/catalog/e/0/2/4/e024be1810102bbf7089926e2afc85eba08f2566_DSC_5003.JPG", "openstreetmap_id": "node/3653196818"}, "geometry": {"type": "Point", "coordinates": ["8.6040706", "47.706386"]}}, {"type": "Feature", "properties": {"identifier": "cedddbaa-3777-4399-9f91-4a6f283c30c8", "name": "Grillplatz Burg Hohenklingen", "description": "<p>In unmittelbarer N&auml;he befinden sich 3 weitere Grillstellen unter freiem Himmel mit herrlicher Aussicht auf St&auml;dtchen, Untersee und Rhein. Eine Reservation ist nicht m&ouml;glich.</p>", "image": "https://shltpimtsoch.sos-ch-dk-2.exoscale-cdn.com/catalog/d/e/1/4/de14ff06cb2e71f49c9a43e4d8fb0216409916c1_grillstelle_burg_hohenklingen___8_.jpg", "openstreetmap_id": "node/937057054"}, "geometry": {"type": "Point", "coordinates": ["8.859373440245692", "47.66733227369652"]}}, {"type": "Feature", "properties": {"identifier": "cf9edf39-ca61-436e-a7ba-e82f17cfca96", "name": "Grillstelle Beringer Randenturm", "description": "<p>Es hat eine Feuerstelle, mehrere Sitzm&ouml;glichkeiten und einen kleinen Spielplatz.</p>", "image": "https://shltpimtsoch.sos-ch-dk-2.exoscale-cdn.com/catalog/5/d/0/d/5d0d1ae8bccd556072d6d7854834a3f8699c1072_beringen_beringer_randen_grillstelle_august_sommer__1_.jpg", "openstreetmap_id": "node/9971589339"}, "geometry": {"type": "Point", "coordinates": ["8.5810916", "47.7054394"]}}, {"type": "Feature", "properties": {"identifier": "cfaa2652-fa28-4276-a502-bf23431f7546", "name": "Spielplatz Falken", "description": "<p>Der Spielplatz Falken befindet sich mitten im St&auml;dtli Neunkirch zwischen Hintergasse und Wettigraben. Er verf&uuml;gt &uuml;ber verschiedene Spielelemente.</p>", "image": "https://shltpimtsoch.sos-ch-dk-2.exoscale-cdn.com/catalog/e/6/9/7/e697d032cece304edf3b6857d07ebe137ebdeb37_20240527_110406.jpg", "openstreetmap_id": "way/482675841"}, "geometry": {"type": "Point", "coordinates": ["8.498952572440679", "47.689806000000004"]}}, {"type": "Feature", "properties": {"identifier": "d0d67048-86b6-4fc1-a571-92a67bf8af5f", "name": "Grillstelle Ruine Radegg", "description": "<p>Die Grillstelle liegt im Wald bei der Ruine Radegg.</p>", "image": "https://shltpimtsoch.sos-ch-dk-2.exoscale-cdn.com/catalog/7/f/9/e/7f9e6283b1b2fa58c70a6f06feba595fc8bb6731_Grillstelle_Ruine_Radegg_Feuerstelle.JPG", "openstreetmap_id": "node/8669096630"}, "geometry": {"type": "Point", "coordinates": ["8.5073913", "47.6518546"]}}, {"type": "Feature", "properties": {"identifier": "d0e44ff3-776b-45ad-9241-0c14b1be9f3f", "name": "Grillstelle Kesslerloch", "description": "<p>Das Kesslerloch verf&uuml;gt &uuml;ber mehrere Grillstellen und eignet sich auch f&uuml;r gr&ouml;ssere Gruppen. Es ist vom Bahnhof in rund zehn Gehminuten erreichbar. Ein WC ist vorhanden.</p>", "image": "https://shltpimtsoch.sos-ch-dk-2.exoscale-cdn.com/catalog/9/0/4/a/904a6d4c0532a792aa84c0e81746c8ae35573755_thayngen_grillstelle_kesslerloch.JPG", "openstreetmap_id": "way/1041204281"}, "geometry": {"type": "Point", "coordinates": ["8.693736991113298", "47.745423"]}}, {"type": "Feature", "properties": {"identifier": "d1458296-803b-4992-88a5-b19f37464faa", "name": "Sternwarte Schaffhausen", "description": "<p>Die Sternwarte Schaffhausen ist im Jahre 2012 er&ouml;ffnet worden und hat die &uuml;ber 60 j&auml;hrige Sternwarte auf der Steig ersetzt. Sie verf&uuml;gt &uuml;ber ein grosses Observatorium mit mehreren Ger&auml;ten zur Himmelsbeobachtung. Das gr&ouml;sste ist ein Newton-Reflektor mit 40 cm Spiegeldurchmesser; mit den kleineren Teleskopen kann unter Anleitung auch auf eigene Faust nach Himmelsobjekten gesucht werden. Ein bew&ouml;lkter Himmel ist f&uuml;r die Schaffhauser Sternwarte kein Grund, auf Astronomie zu verzichten: Im modernen Planetarium mit 25 Sitzpl&auml;tzen sind atemberaubende Ausfl&uuml;ge in&rsquo;s Weltall m&ouml;glich. Auch Filme in 360&deg; k&ouml;nnen gezeigt werden.</p><p>Ein gut ausger&uuml;steter Schulungsraum bietet Platz f&uuml;r rund 35 Personen. Hier erhalten Sie eine erste Einf&uuml;hrung in die Geheimnisse der Astronomie. Und wenn Sie schon alles &uuml;ber die Astronomie wissen: Von der Terrasse des Planetariums geniessen Sie eine einmalige Aussicht auf die Stadt Schaffhausen und den nahe gelegenen Randen. F&uuml;r den Durst gibt es die &laquo;Astro-Bar&raquo;, die bei sch&ouml;nem Wetter auch unter freiem Himmel aufgestellt werden kann.</p>", "url": "http://www.sternwarte-schaffhausen.ch/", "image": "https://shltpimtsoch.sos-ch-dk-2.exoscale-cdn.com/catalog/0/9/7/b/097be01ed6dcaff93c1c3386fb583ababd5134c1_sh_sternwarte_juli_sommer__1_.jpeg", "openstreetmap_id": "way/189975051"}, "geometry": {"type": "Point", "coordinates": ["8.609760754275321", "47.70562385"]}}, {"type": "Feature", "properties": {"identifier": "d1643c65-1190-4265-91c5-af97df6ec58c", "name": "Pflug- und Schmiedemuseum Guntmadingen", "description": "In Guntmadingen liegt eine Hammerschmiede, in der alte Schmiedeh\u00e4mmer wieder zum Leben erweckt werden. Mit selbst entwickelten Brenn\u00f6fen kann das Verh\u00fctten von Bohnerz demonstriert und daraus Eisen gewonnen werden. Daneben kann eine beeindruckende Sammlung an Pfl\u00fcgen bestaunt werden, wovon einer mutmasslich aus Bohnerz vom S\u00fcdranden geschmiedet wurde.", "url": "https://www.pflugmuseum.ch/", "image": "https://shltpimtsoch.sos-ch-dk-2.exoscale-cdn.com/catalog/f/8/4/e/f84ed8c7ccc00888ec3130ee40c4eba7d35b7a53_pflugmuseum_guntmadingen.jpg", "openstreetmap_id": "node/3884229239"}, "geometry": {"type": "Point", "coordinates": ["8.5560677", "47.6853156"]}}, {"type": "Feature", "properties": {"identifier": "d2833833-8a7f-453e-9071-61de186da4c1", "name": "Grillstelle Neufeld", "description": "<p>Schutzh&uuml;tte und Grill mit Tisch und Bank sind vorhanden.</p>", "image": "https://shltpimtsoch.sos-ch-dk-2.exoscale-cdn.com/catalog/4/b/4/e/4b4e6618288c53b62749c6adee5ce718189e07ea_Opfertshofen_6..jpg", "openstreetmap_id": "node/4429418604"}, "geometry": {"type": "Point", "coordinates": ["8.6592672", "47.7683491"]}}, {"type": "Feature", "properties": {"identifier": "d2bfe950-c7c8-4b73-9ffc-3f9f17dacc16", "name": "Grillstelle Schineblick", "description": "<p>Der kleine Spielplatz befindet sich direkt neben der Grillstelle.</p>", "image": "https://shltpimtsoch.sos-ch-dk-2.exoscale-cdn.com/catalog/1/a/5/6/1a56928b4ebcd18200ac2bcb117579d38faa7d74_Ramsen_Schieneblick_2.jpg", "openstreetmap_id": "node/12165138749"}, "geometry": {"type": "Point", "coordinates": ["8.8255402", "47.7032878"]}}, {"type": "Feature", "properties": {"identifier": "d4b3f280-3d3b-4352-8cff-30b81c595448", "name": "Grillstelle Uf Muure", "description": "<p>Die Grillstelle verf&uuml;gt &uuml;ber eine Feuerstelle mit Sitzb&auml;nken sowie einen Tisch.</p>", "image": "https://shltpimtsoch.sos-ch-dk-2.exoscale-cdn.com/catalog/4/c/3/8/4c38f4258c1ad80d240547d36ad3b80c9ba540af_Obmuuren_2.jpg", "openstreetmap_id": "node/8790357585"}, "geometry": {"type": "Point", "coordinates": ["8.5559254", "47.7716236"]}}, {"type": "Feature", "properties": {"identifier": "d50e30d5-51bd-4c74-bfb1-8ef94c1e2235", "name": "Alte Schmitte Neunkirch", "description": "<p>In der alten Schmitte in Neunkirch wurde wom&ouml;glich in der zweiten Phase des Erzabbaus auf dem S&uuml;dranden von 1810 -1850 auch Bohnerz geschmiedet. Von 1823 bis zur Schliessung im Jahre 1948 betrieben hier drei Generationen der Familie Uehlinger eine Waffen- und Hufschmiede.</p><p>Individuelle Besichtigungen sind auf Anfrage jederzeit m&ouml;glich (ohne Schmiedevorf&uuml;hrungen).</p>", "url": "https://schmitte-neunkirch.ch/", "image": "https://shltpimtsoch.sos-ch-dk-2.exoscale-cdn.com/catalog/6/0/9/b/609beb6820ded500f621ec7d523af3753240917b_Schmitte_Ansicht.jpg", "openstreetmap_id": "node/3217414504"}, "geometry": {"type": "Point", "coordinates": ["8.5003105", "47.6903841"]}}, {"type": "Feature", "properties": {"identifier": "d52a51f4-b794-4642-ab13-a2a99af81e15", "name": "Grillplatz Dreispitz Kiesgrube", "description": "<p>Direkt daneben liegen ein grosser Spielplatz mit Seilbahn, Rutschbahn, Brunnen mit Wasserlauf und verschiedenen Spielger&auml;ten. Zur Freizeitanlage geh&ouml;ren ausserdem Basketball- und Fussballfelder, ein Skatepark, weitere Spielpl&auml;tze, Tennispl&auml;tze sowie eine Petanque-Anlage.</p>", "image": "https://shltpimtsoch.sos-ch-dk-2.exoscale-cdn.com/catalog/6/c/e/2/6ce22eb239fe21cfbbda12c3362c2ebd15a64127_sh_dreispitz_grillstelle_kiesgrube_juni__1_.jpeg", "openstreetmap_id": "node/4754990473"}, "geometry": {"type": "Point", "coordinates": ["8.660286", "47.720622"]}}, {"type": "Feature", "properties": {"identifier": "d5cc97b8-aaa7-4e97-816a-9dab0d51af29", "name": "Spielplatz Stadtgarten Stein am Rhein", "description": "<p>F&uuml;r die Kinder hat es einen Spielplatz mit Sandkasten, Rutsche, Schaukel, Kletterger&auml;t, Wasserspiel, Felsh&ouml;hlen und Ritterburg.</p><p>Ebenfalls f&auml;hrt an gewissen Tagen die <a href=\"https://steinerliliputbahn.ch/\" target=\"_blank\" rel=\"noopener\">Liliputbahn</a>, ein massst&auml;blicher Zug der R&auml;tischen Bahn, durch den Garten. Ein besonderes Erlebnis f&uuml;r Kinder und Erwachsene.</p>", "image": "https://shltpimtsoch.sos-ch-dk-2.exoscale-cdn.com/catalog/2/1/8/f/218f380e8947be8c449eefb8fa4c1536e79b5175_steinamrhein_spielplatz_stadtgarten_fruehling_mai.jpg", "openstreetmap_id": "way/305911423"}, "geometry": {"type": "Point", "coordinates": ["8.856005057253114", "47.66181425"]}}, {"type": "Feature", "properties": {"identifier": "d63b2714-ddbf-48c7-8503-8143634f5ac3", "name": "Grillstelle Eschheimertal", "description": "Etwas versteckt im hinteren Teil des Eschheimertal steht eine Schutzh\u00fctte inklusive gut ausgestatteter Grillstelle. Parkm\u00f6glichkeiten sind beim Restaurant Eschheimertal vorhanden. Danach dauert es zu Fuss etwa 15 Minuten.\n\n\nF\u00fcr die Anfahrt mit dem Auto wird eine Fahrbewilligung ben\u00f6tigt.", "image": "https://shltpimtsoch.sos-ch-dk-2.exoscale-cdn.com/catalog/1/3/1/c/131cacac907af4cc82b525b0432cff1396a00d70_Eschheimertal_3.jpg", "openstreetmap_id": "node/7296502994"}, "geometry": {"type": "Point", "coordinates": ["8.5911441", "47.7105481"]}}, {"type": "Feature", "properties": {"identifier": "d7e6cb33-e923-44bf-a778-6ac37018e232", "name": "Grillstelle Chuttler", "description": "<p>Zur Ausstattung geh&ouml;ren ein Grill sowie ein Tisch mit Bank. Von der Grillstelle bietet sich eine Aussicht &uuml;ber den Unteren Reiat bis zu den Schweizer Alpen.</p>", "image": "https://shltpimtsoch.sos-ch-dk-2.exoscale-cdn.com/catalog/e/1/e/2/e1e2c4fd42e18284dc0e8b96f0a0a5e27a3b7df0_reiat_grillstelle_chuttler__4_.jpg", "openstreetmap_id": "node/8393782331"}, "geometry": {"type": "Point", "coordinates": ["8.671088", "47.7875421"]}}, {"type": "Feature", "properties": {"identifier": "d89ed744-c711-4fa7-b04b-ab40238b5347", "name": "Spielplatz Schule an der Rheinschleife", "description": "<p>Der Spielplatz befindet sich mitten in Jestetten.</p>", "image": "https://shltpimtsoch.sos-ch-dk-2.exoscale-cdn.com/catalog/7/b/0/3/7b03a74c32cb5f4df7733adcc4cb705e4486a65b_Schule_an_der_Rheinschleife_1.JPG", "openstreetmap_id": "way/124542511"}, "geometry": {"type": "Point", "coordinates": ["8.572527766257899", "47.65131391323721"]}}, {"type": "Feature", "properties": {"identifier": "d9d8445a-db46-4d67-a505-57dbaf82f1ae", "name": "Spielplatz bei der Dorfmitte", "description": "<p>Der Spielplatz befindet sich in Lotstetten.</p>", "image": "https://shltpimtsoch.sos-ch-dk-2.exoscale-cdn.com/catalog/d/3/3/c/d33ce3649b2ee7bd9f3bed224642194f34088758_Spielplatz_Dorfmitte.jpg", "openstreetmap_id": "way/27859866"}, "geometry": {"type": "Point", "coordinates": ["8.572897911048157", "47.627675037214175"]}}, {"type": "Feature", "properties": {"identifier": "daa55e63-6bb4-4bef-8446-75690c770293", "name": "Pergola Engeweiher", "description": "<p>WC, Strom, Brennholz, CHF 220.00 In der Wintersaison von Oktober bis April wird die Pergola nicht vermietet. Gleich nebenan ist der Spielplatz mit Rutschbahn, Schaukel, Seilbahn, Weidling und Kletterger&uuml;st. Der Engeweiher l&auml;dt zum Spazieren und Entschleunigen ein.</p>", "url": "https://shop-gruensh.ch/shop/pergola-engeweiher/", "image": "https://shltpimtsoch.sos-ch-dk-2.exoscale-cdn.com/catalog/c/6/0/0/c600ca4e3dc14e9e89d3c88b0878efd93fda5f18_sh_engeweiher_pergola_grillstelle_juli_sommer__5_.jpeg", "openstreetmap_id": "way/232713397"}, "geometry": {"type": "Point", "coordinates": ["8.608705401420595", "47.70307978400864"]}}, {"type": "Feature", "properties": {"identifier": "db9004db-aa66-48da-b90d-c996399fc626", "name": "Grillstelle Hasenbuck", "description": "<p>Der kleine Rastplatz ist mit einer Feuerstelle sowie einer Tischgarnitur ausgestattet.</p>", "image": "https://shltpimtsoch.sos-ch-dk-2.exoscale-cdn.com/catalog/b/e/c/5/bec583324f8b83328bd68e24a70cfbba3f6cd54b_Hasenbuck_5..jpg", "openstreetmap_id": "way/35959817"}, "geometry": {"type": "Point", "coordinates": ["8.565312623977663", "47.76163508094159"]}}, {"type": "Feature", "properties": {"identifier": "dc503684-fb14-43e1-b528-ac6a86d257e6", "name": "Spielplatz Brandplatz", "description": "<p>Der gedeckte Pavillon erm&ouml;glicht eine Zvieripause bei jeder Witterung.</p>", "image": "https://shltpimtsoch.sos-ch-dk-2.exoscale-cdn.com/catalog/4/0/0/c/400c87c7cba94340603b316e9a80e98a43d6bd4f_brand_1.jpg", "openstreetmap_id": "way/482675838"}, "geometry": {"type": "Point", "coordinates": ["8.57333605", "47.6985772"]}}, {"type": "Feature", "properties": {"identifier": "dfbf2d03-931a-4a8a-9101-eef7d105af6b", "name": "Grillstellen Hagenturm", "description": "<p>Der Hagenturm ist ein 40 Meter hoher Stahlfachwerkturm bei Merishausen. Er wurde 1989 im Auftrag des Bundes erbaut und ersetzte einen fr&uuml;heren, zu Vermessungszwecken erbauten Turm. Auf 912 Meter &uuml;ber Meer gelegen bildet er den h&ouml;chsten Punkt des Kantons Schaffhausen. Die Aussichtsplattform &uuml;ber den Baumwipfeln bietet eine einmalige Rundsicht vom Schwarzwald bis zu den Alpen.</p>", "image": "https://shltpimtsoch.sos-ch-dk-2.exoscale-cdn.com/catalog/1/d/f/2/1df276918df760e85d4f73f35f176b772e16d709_merishausen_grillstelle_hagenturm_september__9_.jpg", "openstreetmap_id": "node/514969993"}, "geometry": {"type": "Point", "coordinates": ["8.5679967", "47.7747964"]}}, {"type": "Feature", "properties": {"identifier": "dff5a02f-af02-4ea7-8b20-2fc750367a79", "name": "Grillstelle G\u00e4lenfritz", "description": "Vom G\u00e4lenfritz geniesst man eine wundersch\u00f6ne Aussicht auf das Weinbaudorf Oberhallau und Chl\u00e4ggi. Der Luegmer ist die Zunge zwischen den D\u00f6rfern Oberhallau und G\u00e4chlingen. Geniessen Sie am Wanderweg die Aussicht und grillieren Sie einen Cervelat bei der sch\u00f6nen Grillstelle.", "url": "https://schaffhauserland.ch/de/entdecken/regionen-entdecken/landschaft-wein.html", "image": "https://shltpimtsoch.sos-ch-dk-2.exoscale-cdn.com/catalog/d/2/e/1/d2e137e208900163ca5a82aa5fa96984f695795e_oberhallau_grillstelle_gaelefritz__5_.jpeg", "openstreetmap_id": "relation/1683685"}, "geometry": {"type": "Point", "coordinates": ["8.483591079711916", "47.704187605743634"]}}, {"type": "Feature", "properties": {"identifier": "e17b4a90-a7e1-4bd6-bd63-217ee29a5378", "name": "Wangental Natur pur", "description": "<p>Touristische Angebote</p><ul><li>&bdquo;Feuchtgebiet im See&ldquo; Naherholungsgebiet</li><li>&bdquo;Bohnerzspur&ldquo; Lehrpfad auf dem Rossberg.</li></ul><p>&nbsp;</p><p>Weitere Informationen dazu: www.bohnerzspur.ch</p>", "url": "http://www.wangental.ch/", "image": "https://shltpimtsoch.sos-ch-dk-2.exoscale-cdn.com/catalog/9/1/9/7/919799afc163fde248159db0ca2fa5c6facf5e38_wilchingen_wangental_natur_pur_biotop_oktober_herbst__9_.jpg", "openstreetmap_id": "way/1116757623"}, "geometry": {"type": "Point", "coordinates": ["8.516640877983267", "47.64745285"]}}, {"type": "Feature", "properties": {"identifier": "e1835a21-b796-4208-8f5c-6a7f03124ca8", "name": "Grillstelle Spitzwiesenweiher", "image": "https://shltpimtsoch.sos-ch-dk-2.exoscale-cdn.com/catalog/c/0/b/6/c0b628ece7d4a6f156fc62afd95a44983d63f3f5_Spitzwiesenweiher_3..jpg", "openstreetmap_id": "node/9026950216"}, "geometry": {"type": "Point", "coordinates": ["8.6784968", "47.7272468"]}}, {"type": "Feature", "properties": {"identifier": "e1a02255-a623-466b-95ef-3f5010b8db81", "name": "Grillplatz Steinbruch Fr\u00f6hlich", "image": "https://shltpimtsoch.sos-ch-dk-2.exoscale-cdn.com/catalog/5/8/4/4/58444590aba1cb7975ac829314d2001fdb1aa3c4_sh_grillstelle_steinbruch_froehlich.JPG", "openstreetmap_id": "way/26192946"}, "geometry": {"type": "Point", "coordinates": ["8.661486146815287", "47.7304714"]}}, {"type": "Feature", "properties": {"identifier": "e206e769-493b-4dbe-9af3-e3160b609ded", "name": "Grillstelle S\u00e4ckelamtsh\u00fcsli", "description": "<p>Von der Grillstelle S&auml;ckelamtsh&uuml;sli bietet sich eine sch&ouml;ne Aussicht. Zur Ausstattung geh&ouml;ren eine Feuerstelle sowie diverse Sitzm&ouml;glichkeiten.</p>", "image": "https://shltpimtsoch.sos-ch-dk-2.exoscale-cdn.com/catalog/8/6/2/2/862204f28fc0f28bb5582259c4863b28856f9cc8_Sa__ckelamtshu__sli_1.jpg", "openstreetmap_id": "node/10216810888"}, "geometry": {"type": "Point", "coordinates": ["8.6209434", "47.709888"]}}, {"type": "Feature", "properties": {"identifier": "e5de6d03-9088-40e5-bc06-ae8790d57c76", "name": "Spielplatz Bivan", "description": "<p>Der Spielplatz befindet sich in Jestetten und verf&uuml;gt &uuml;ber zahlreiche Spielelemente.</p>", "image": "https://shltpimtsoch.sos-ch-dk-2.exoscale-cdn.com/catalog/7/f/2/a/7f2a202b2751f0c5c074fae945f1acd46daad7c2_Bivangweg.JPG", "openstreetmap_id": "way/1291308054"}, "geometry": {"type": "Point", "coordinates": ["8.564540", "47.649895"]}}, {"type": "Feature", "properties": {"identifier": "e651e975-5a49-43b3-b616-2e3d565fc791", "name": "Spielplatz Buck\u00e4cker", "description": "<p>Der Spielplatz verf&uuml;gt &uuml;ber zahlreiche Spielelemente.</p>", "image": "https://shltpimtsoch.sos-ch-dk-2.exoscale-cdn.com/catalog/e/a/c/b/eacbbd55a54c457ed478dc53a85a9ec93600f8cb_Buck__cker_1.JPG", "openstreetmap_id": "way/1291309648"}, "geometry": {"type": "Point", "coordinates": ["8.575746", "47.649750"]}}, {"type": "Feature", "properties": {"identifier": "e6700daf-2a2a-4b29-8de8-3b58644f7cc2", "name": "Bolderhof \u2013 Erlebnis- & B\u00fcffelhof", "description": "<p>Schlafen im Stroh, Siloh&uuml;sli, Matratzenlager oder Ferienwohnung. Bio-Spezialit&auml;ten geniessen im &agrave; la Carte Hofrestaurant oder beim monatlichen Buurebrunch. Feiere Events auf dem Bolderhof, gehe Kuhreiten und st&ouml;bere im Hofladen, mit vielen Hofeigenen Spezialit&auml;ten.</p>", "url": "https://www.bolderhof.ch/", "image": "https://shltpimtsoch.sos-ch-dk-2.exoscale-cdn.com/catalog/9/c/f/0/9cf0bf792fe3210a8611225f6838aad59ac9f9ec_bolderhof_hemishofen.JPG", "openstreetmap_id": "way/306704271"}, "geometry": {"type": "Point", "coordinates": ["8.8213046", "47.6850496"]}}, {"type": "Feature", "properties": {"identifier": "e6b38b56-8c08-4f7d-8011-bee2c98d13d8", "name": "Rosengarten Charlottenfels", "description": "<p>Die Rosen wurden durch die Rosenfreunde Schaffhausen 2009 neu gepflanzt. Gleich unterhalb der Rosen wachsen seit 2014 &uuml;ber 90 verschiedene Pfingstrosensarten. Gleich beim Garteneingang wachsen Wildarten, aus denen zahlreichen Sorten gez&uuml;chtet wurden. Auch sind zehn Sorten zu sehen, die der 2006 verstorbene Engl&auml;nder Sir Peter Smithers im Tessin gez&uuml;chtet hat.</p>", "image": "https://shltpimtsoch.sos-ch-dk-2.exoscale-cdn.com/catalog/d/f/f/c/dffce8911b775908e9ca30150dac1887f6908434_IMG_2694.jpeg", "openstreetmap_id": "way/749063149"}, "geometry": {"type": "Point", "coordinates": ["8.620969234807257", "47.68968825"]}}, {"type": "Feature", "properties": {"identifier": "e798f2ba-587e-49c1-a07e-323e2aef93e9", "name": "Grillstelle Gampeh\u00e4uli", "description": "<p>Die Grillstelle Gampeh&auml;uli ist mit einer Feuerstelle und Sitzb&auml;nken ausgestattet.</p>", "image": "https://shltpimtsoch.sos-ch-dk-2.exoscale-cdn.com/catalog/1/c/d/4/1cd41c234bf55a8f236f91931a7a6592def4e9e0_sh_grillstelle_gampehaeuli.JPG", "openstreetmap_id": "node/7314885864"}, "geometry": {"type": "Point", "coordinates": ["8.6529207", "47.7290711"]}}, {"type": "Feature", "properties": {"identifier": "e7a0acc7-2a49-4375-842b-46f2f6794e18", "name": "Spielplatz Schulhaus Breite", "description": "<p>Ein Kletterger&uuml;st, eine Seilbahn, eine Rutschbahn, und eine Schaukel lassen die Kinderherzen h&ouml;her schlagen. Ebenfalls hat es auf dem Schulareal einen Pumptrack und einen Hartplatz mit Basketballk&ouml;rben und Fussballtoren.</p>", "image": "https://shltpimtsoch.sos-ch-dk-2.exoscale-cdn.com/catalog/a/c/b/f/acbf4cff6385a69755b6b42fe35cb67676c70d74_sh_spielplatz_schulhaus_breite.jpeg", "openstreetmap_id": "way/219718128"}, "geometry": {"type": "Point", "coordinates": ["8.62189894396579", "47.70321290868009"]}}, {"type": "Feature", "properties": {"identifier": "e7f4aea7-b4c2-4a77-99f0-6ca983a8d31b", "name": "Grillstelle am B\u00e4chli", "description": "Hier hat es eine Feuerstelle und einen Tisch. ", "image": "https://shltpimtsoch.sos-ch-dk-2.exoscale-cdn.com/catalog/a/0/9/f/a09f193a7151f8be9b6a06ddc0840f56162a9439_Am_Ba__chli_1.jpg", "openstreetmap_id": "node/12165163325"}, "geometry": {"type": "Point", "coordinates": ["8.6789094", "47.7269583"]}}, {"type": "Feature", "properties": {"identifier": "e912a089-12e2-43b4-ba8e-7cb16f491692", "name": "Grillstelle Burkhalde", "description": "Diese Grillstelle ist mit einer Feuerstelle mit B\u00e4nken rundherum und einem langen Tisch ausger\u00fcstet.", "image": "https://shltpimtsoch.sos-ch-dk-2.exoscale-cdn.com/catalog/a/2/5/5/a255f450c7b72ebc7f1e1d32219666de576833fe_Grillstelle_Burkhalde_2.jpg", "openstreetmap_id": "node/8790357586"}, "geometry": {"type": "Point", "coordinates": ["8.5358955", "47.7575103"]}}, {"type": "Feature", "properties": {"identifier": "ea211cb6-26b7-4542-84d1-dfca17ac91df", "name": "Waldspielplatz Niklausen", "description": "<p>Ein Kletterger&uuml;st mit Rutschbahn verspricht Spass f&uuml;r die Kinder. Eine Grillstelle zum Br&auml;teln sowie viele Picknick Tische laden zum Verweilen ein. Ebenfalls hat es eine kleine Toilette.</p>", "image": "https://shltpimtsoch.sos-ch-dk-2.exoscale-cdn.com/catalog/4/9/7/f/497f334a469c7177babf8b9e9832f42977cad4c5_niklausen_waldspielplatz__5_.jpeg", "openstreetmap_id": "way/25650230"}, "geometry": {"type": "Point", "coordinates": ["8.658131769583449", "47.711857800000004"]}}, {"type": "Feature", "properties": {"identifier": "eae14e14-ca10-4301-bafa-d0f49dccef6c", "name": "Piratenschule Bodensee", "description": "<p>Die Piratenschule ist ein interaktives Familienerlebnis entlang des Thurgauer Bodenseeufers. An verschiedenen Piratenposten warten knifflige R&auml;tsel und abwechslungsreiche Erlebnisstationen auf dich, die du individuell und unabh&auml;ngig voneinander entdecken kannst.</p><p>Begleitet wird dein Abenteuer von einer Web-App mit Augmented Reality. Dabei sammelst du digitale Piratenfiguren, Sch&auml;tze und M&uuml;nzen. Die interaktive Schatzkarte verbindet Spiel, Bewegung und R&auml;tselspass mit attraktiven Ausflugszielen im Thurgau.</p>", "url": "https://thurgau-bodensee.ch/piratenschule.html", "image": "https://shltpimtsoch.sos-ch-dk-2.exoscale-cdn.com/catalog/e/b/c/8/ebc8584671d9ac8c52b0c023e2e93d5b9e2f26cd_piratenschule_bodensee_familie.jpg", "openstreetmap_id": "node/9247113217"}, "geometry": {"type": "Point", "coordinates": ["9.011192333754964", "47.68340401371159"]}}, {"type": "Feature", "properties": {"identifier": "ee0377fa-46d4-4055-b9a0-71ad6354c0ba", "name": "Fotospot Eisenbahnbr\u00fccke", "image": "https://shltpimtsoch.sos-ch-dk-2.exoscale-cdn.com/catalog/3/b/2/b/3b2b8d713f41203d623bbcbe8d404655ad27faa5___Julius_Hatt_SHLT_Rheinfall_Fr__hling_20250501_141211_.jpg", "openstreetmap_id": "way/645714741"}, "geometry": {"type": "Point", "coordinates": ["8.6168566", "47.6767027"]}}, {"type": "Feature", "properties": {"identifier": "ee8e1b85-61f3-46a1-8d16-370096611a69", "name": "Rhyfall M\u00e4ndli - Schifffahrt am Rheinfall", "description": "<p>Seit Generationen bringt Rhyfall M&auml;ndli G&auml;ste aus aller Welt mitten ins Herz des spektakul&auml;rsten Wasserfall Europas. Sp&uuml;re die Kraft des Wassers, den feinen Spr&uuml;hnebel auf der Haut und die Energie des Rheinfalls &ndash; so intensiv, wie man sie nur vom Schiff aus erleben kann. Unser Highlight: die Felsenfahrt &ndash; ein unvergessliches Erlebnis mitten im Rheinfall. Steige auf den Felsen im Zentrum der Wassermassen und erlebe die volle Wucht des Rheins aus n&auml;chster N&auml;he. N&auml;her kommt niemand! Dar&uuml;ber hinaus bieten wir gem&uuml;tliche Rundfahrten und Familienausfl&uuml;ge mit einmaligen Perspektiven, spektakul&auml;ren Fotomotiven und unvergesslichen Momenten f&uuml;r Gross und Klein.</p>", "url": "https://www.rhyfall-maendli.ch/", "image": "https://shltpimtsoch.sos-ch-dk-2.exoscale-cdn.com/catalog/3/b/c/b/3bcba4c2354df75a2dfcaf2920a8a54ed64d4792_Felsenfahrt_am_Rheinfall.jpg", "openstreetmap_id": "way/106979239"}, "geometry": {"type": "Point", "coordinates": ["8.611382246017458", "47.67756799870324"]}}, {"type": "Feature", "properties": {"identifier": "eef34346-16cd-402e-9771-88e801a24435", "name": "Spielplatz Badi Beringen", "description": "<p>Ein Kletterger&uuml;st, eine Rutschbahn, Wipp-Tiere, ein Tunnel und weitere Spielger&auml;te lassen Kinderherzen h&ouml;herschlagen. Ebenfalls hat es einen Picknick-Tisch zum Picknicken.</p>", "image": "https://shltpimtsoch.sos-ch-dk-2.exoscale-cdn.com/catalog/7/1/0/6/710602870f6afd148c9f8700b50447758e997b92_beringen_spielplatz_badi_beringen_sommer.JPG", "openstreetmap_id": "node/10209697174"}, "geometry": {"type": "Point", "coordinates": ["8.5725883", "47.703609"]}}, {"type": "Feature", "properties": {"identifier": "efea9b06-1219-40cb-8130-d555c9555eeb", "name": "Spielplatz Stetten", "description": "<p>Ein Kletterger&uuml;st, ein Brunnen mit Wasserlauf, eine Rutschbahn, eine Wippe, eine Seilbahn und eine Schaukel lassen alle Kinder Herzen h&ouml;her schlagen. Direkt beim Spielplatz liegt auch die Pumptrack-Anlage sowie eine kleine Feuerstelle.</p>", "image": "https://shltpimtsoch.sos-ch-dk-2.exoscale-cdn.com/catalog/3/0/e/1/30e11b9b04785d09e61168ad71fca14d42e0a5f3_stetten_spielplatz__2_.png", "openstreetmap_id": "way/298576647"}, "geometry": {"type": "Point", "coordinates": ["8.65774115", "47.737806"]}}, {"type": "Feature", "properties": {"identifier": "f20bef8b-9f0c-4486-9faf-295055e6916d", "name": "Herrenacker", "description": "<p>Hier wurden fr\u00fcher Ritterturniere durchgef\u00fchrt. Sp\u00e4ter wurde er als Parkplatz genutzt.</p><p>Heute finden j\u00e4hrlich Veranstaltungen und Konzerte wie zum Beispiel das Stars in Town statt. Ebenfalls findet man am Platz das Stadttheater sowie diverse Restaurants.</p>", "image": "https://shltpimtsoch.sos-ch-dk-2.exoscale-cdn.com/catalog/0/d/2/d/0d2d8a16fcf0c578fc8a0679e0898a843141ca5b_schaffhausen_herrenacker_oktober_herbst__2_.jpg", "openstreetmap_id": "way/4687042"}, "geometry": {"type": "Point", "coordinates": ["8.633343585859027", "47.695559700000004"]}}, {"type": "Feature", "properties": {"identifier": "f36c3717-6f7f-4182-a472-b79db2672794", "name": "Spielplatz Hemmental", "description": "<p>Neben einem Kletterger&uuml;st, einer Schaukel, einer Wippe und einem Ping Pong Tisch hat es auch einen Hartplatz mit Basketballkorb und einem Fussballplatz.</p>", "image": "https://shltpimtsoch.sos-ch-dk-2.exoscale-cdn.com/catalog/c/e/c/c/cecc99bca57af52792c375cf2974fef991567fb5_hemmental_spielplatz_schulhaus__12_.jpeg", "openstreetmap_id": "way/1116757621"}, "geometry": {"type": "Point", "coordinates": ["8.578984096446757", "47.734318200000004"]}}, {"type": "Feature", "properties": {"identifier": "f5914ce7-2d65-4257-8234-e89642c4724c", "name": "Stadttheater Schaffhausen", "description": "<p>Neben neuen Inszenierungen bekannter Klassiker sind regelm&auml;ssig auch Erstauff&uuml;hrungen und neue St&uuml;cke im Programm, welche von K&uuml;nstlern und Ensembles aus der Schweiz und der ganzen Welt pr&auml;sentiert werden. Zus&auml;tzlich zum Theaterprogramm finden im Stadttheater auch die Konzerte des Musik Collegium Schaffhausen sowie verschiedene weitere Anl&auml;sse statt.</p>", "url": "http://www.stadttheater-sh.ch/", "image": "https://shltpimtsoch.sos-ch-dk-2.exoscale-cdn.com/catalog/5/1/3/5/513556210d0b5e541e6318b1c6b9e37bac413ac5_Stadttheater_bymoduleplus__DSC4625_web.jpg", "openstreetmap_id": "way/159312643"}, "geometry": {"type": "Point", "coordinates": ["8.6332829040932", "47.695939800000005"]}}, {"type": "Feature", "properties": {"identifier": "f6501453-f50e-4ced-9d80-225d77e213d5", "name": "Grillstelle Haafgarteh\u00fctte", "image": "https://shltpimtsoch.sos-ch-dk-2.exoscale-cdn.com/catalog/1/5/1/d/151d305054794a7475f8883c345c82e4e78b684c_Grillstelle_Hanfgartenh__tte.JPG", "openstreetmap_id": "node/10216810891"}, "geometry": {"type": "Point", "coordinates": ["8.4666401", "47.6512654"]}}, {"type": "Feature", "properties": {"identifier": "f6ce73c0-c43f-4080-961d-61b38a20f943", "name": "Grillplatz Schlossranden", "description": "<p>Ebenfalls befindet sich direkt beim Grillplatz eine kleine Wirtschaft. In der Waldwirtschaft Schlossranden gibt es einfache Verpflegung.</p>", "image": "https://shltpimtsoch.sos-ch-dk-2.exoscale-cdn.com/catalog/d/5/f/8/d5f8dfa11f41a01fedeca639e0cb2c37c1e447de_08_Schleith._Randen.jpg", "openstreetmap_id": "node/9543641230"}, "geometry": {"type": "Point", "coordinates": ["8.539565", "47.7509485"]}}, {"type": "Feature", "properties": {"identifier": "f846372e-77a8-4332-8e21-80ab26f304e7", "name": "Stadtkirche Stein am Rhein", "description": "<p>Die ehemalige Klosterkirche wurde im 12. Jahrhundert unter dem Einfluss der Hirsauer Reform erbaut. W&auml;hrend der Reformation ging ein grosser Teil der Innenausstattung durch den Bildersturm verloren; erhalten blieben das Chorgest&uuml;hl und die Chormalereien. In den Jahren 1583/84 erfolgte der Umbau zur protestantischen Kirche. Im 19. und 20. Jahrhundert wurde das Bauwerk mehrfach umgestaltet. Nachdem einer der Kircht&uuml;rme 1561 nach einem Blitzeinschlag abgetragen werden musste, pr&auml;gt heute ein leicht schiefer Turm mit gespindeltem Dach das Erscheinungsbild.</p>", "image": "https://shltpimtsoch.sos-ch-dk-2.exoscale-cdn.com/catalog/3/4/3/b/343b83cdb3d600cb86ab275b9a63aaa398bac058_steinamrhein_stadtkirche_juli_sommer__1_.jpeg", "openstreetmap_id": "way/22952019"}, "geometry": {"type": "Point", "coordinates": ["8.860362607116809", "47.6588227"]}}, {"type": "Feature", "properties": {"identifier": "f8ea6c0a-eaad-4807-8621-73e435b8a6ed", "name": "Landsknechtbrunnen", "description": "<p>Die schwer bewaffnete Landsknechtfigur auf der Brunnens&auml;ule symbolisiert die wehrhafte Stadt Schaffhausen.</p>", "image": "https://shltpimtsoch.sos-ch-dk-2.exoscale-cdn.com/catalog/c/3/a/2/c3a25e31ffe749ce982252b1319dbac1dcaab48c_Fronwagplatz_Landsknechtbrunnen_Fronwagturm.JPG", "openstreetmap_id": "node/274768320"}, "geometry": {"type": "Point", "coordinates": ["8.6334438", "47.6965686"]}}, {"type": "Feature", "properties": {"identifier": "fc557d8d-99db-4e7e-a5d7-c65df35a1cbb", "name": "Grillstelle Waldspielplatz Niklausen", "description": "<p>Es hat eine Feuerstelle sowie viele Sitzm&ouml;glichkeiten. Ebenfalls hat es eine kleine Toilette sowie einen Unterstand mit Holz (wenn nicht leer). F&uuml;r die Anfahrt mit dem Auto wird eine Fahrbewilligung ben&ouml;tigt.</p>", "image": "https://shltpimtsoch.sos-ch-dk-2.exoscale-cdn.com/catalog/7/6/1/f/761fe965776f3924efe1336fac529ba4703d0d14_niklausen_waldspielplatz_grillstelle__1_.jpeg", "openstreetmap_id": "way/25650230"}, "geometry": {"type": "Point", "coordinates": ["8.658131769583449", "47.711857800000004"]}}, {"type": "Feature", "properties": {"identifier": "fd236723-18b6-46ad-a0bf-fd3ebcf926cf", "name": "Grillstelle KSS Sport- und Freizeitpark", "description": "Innerhalb des Freibadgel\u00e4ndes des KSS Sport- und Freizeitparks, leicht erh\u00f6ht mit Sicht auf die ganze Anlage. Tisch und B\u00e4nke befinden sich gleich nebenan. Ein Grill und Holz stehen zur Verf\u00fcgung. \nZutritt mit Eintrittsticket oder Abo.", "url": "https://kss.ch/", "image": "https://shltpimtsoch.sos-ch-dk-2.exoscale-cdn.com/catalog/d/9/2/9/d929b15fe0bcee4e92a6bfb2029087301f82e7e9_DSC_2626_Web.jpg", "openstreetmap_id": "way/232339023"}, "geometry": {"type": "Point", "coordinates": ["8.62225866280024", "47.7040448"]}}, {"type": "Feature", "properties": {"identifier": "ff31feb1-b6a1-4280-a19f-f436695d445c", "name": "Smilestones - Miniaturwelt am Rheinfall", "description": "<p>Komm vorbei und tauche in die gr&ouml;sste Indoor-Miniaturwelt der Schweiz ein. Bei Smilestones reist du durch viele ber&uuml;hmte Orte der Schweiz, wie Schaffhausen und die Ostschweiz, das Appenzellerland, das Berner Oberland und viele mehr! Entdecke die Schweiz aus der Vogelperspektive und bestaune unz&auml;hlige liebevoll gestaltete und witzige Szenen. Erlebe Highlights wie unsere hauseigene Lindt &amp; Spr&uuml;ngli Schoggifabrik (ja, mit echter Schoggi!) oder dutzende fahrende Modelleisenbahnen auf &uuml;ber 1&rsquo;300m Schiene.</p><p>Ob Gross oder Klein, es hat bestimmt f&uuml;r alle etwas zum Schmunzeln dabei.</p><p>Direkt &uuml;ber dem Rheinfall, Indoor, klimatisiert und ganzj&auml;hrig ge&ouml;ffnet.</p>", "url": "https://www.smilestones.ch/", "image": "https://shltpimtsoch.sos-ch-dk-2.exoscale-cdn.com/catalog/e/8/f/c/e8fc16d98376137ce23a52d5dcc8f222f95cbb83_PRO_0584.jpg", "openstreetmap_id": "node/6072311591"}, "geometry": {"type": "Point", "coordinates": ["8.614157", "47.682467"]}}, {"type": "Feature", "properties": {"identifier": "ffeb4343-6704-43f4-8ba1-cc46d3339176", "name": "Grillstelle Schwaben  OT Altenburg", "description": "Gemeindlicher Grillplatz im Gewann Greut in Altenburg.", "image": "https://shltpimtsoch.sos-ch-dk-2.exoscale-cdn.com/catalog/1/e/c/8/1ec8d4a3ffe57d3a0715805dab1ecdf0da471edf_Grillstelle_Schwaben_2.JPG", "openstreetmap_id": "node/11972164757"}, "geometry": {"type": "Point", "coordinates": ["8.614533", "47.642767"]}}]}