id;name;disambiguatingDescription;description;longitude;latitude;streetAddress;postalCode;addressLocality;telephone;email;url;image;dateModified00760647-9134-4b7e-b61e-271fe12b4549;Carcajou - Rheintalgarten;In dem schönen Garten direkt am Rhein können Sie gemütliche Stunden am Wasser verbringen und dabei unkomplizierte Gastfreundschaft erleben.;<p>Nur eine kurze Wanderung vom Rheinfall entfernt, serviert euch das Carcajou Team raffinierte Flammkuchenkreationen, bunte Salate, sowie hausgemachte Taschenbrote, welche in unserem umgebauten Oldtimer Citro&ecirc;n zubereitet werden. Zur Erfrischung gibts ein vielf&auml;ltiges Getr&auml;nkeangebot, haupts&auml;chlich von lokalen Produzenten, Winzer und Brauer. Feine Bio-Glac&eacute; vom Bauernhof und hausgemachte Desserts runden unser Angebot ab, damit du deinen Aufenthalt bei uns am Rhein in vollen Z&uuml;gen geniessen kannst.&nbsp;</p><p>&nbsp;</p>;8.6265191;47.6859791;Gründenstrasse 31;8247;Flurlingen;076 818 82 47;info@carcajou.ch;http://carcajou.ch;[{'@type': 'ImageObject', 'contentUrl': 'https://shltpimtsoch.sos-ch-dk-2.exoscale-cdn.com/catalog/d/0/f/b/d0fbd0dc2932997d970fbf888d11726bcb8000d0_carcajou_rheintalgarten__3_.jpeg'}];2026-07-29T04:01:27+02:00
007e2ded-e0f5-434d-a490-282c1b788ff3;WeinKeller.sh;In unserem wunderschönen Gewölbekeller beim Schwabentor in der Schaffhauser Altstadt bieten wir Weinverkauf, Aperos, Degustation und Events an. Wir produzieren unsere Weine an den steilsten und besten Reblagen dem Rhein entlang von Schaffhausen bis Diessenhofen.;Wir bewirtschaften die steilsten und besten Rebberge von Schaffhausen bis Diessenhofen. Besonders stolz sind wir auf unsere Spitzenweine vom Stadt Schaffhauser Heerenberg, dem ältesten Rebberg auf Stadtgebiet. Hoch über dem Rhein an bester Lage gedeihen Pinot blanc, Pinot gris, Chardonnay und Pinot noir. Seit 2014 bereichern die Diessenhofer Weine, Bürgerwy und Stadtwy unser Sortiment.
Unser Sortiment reicht von weissen Spezialitäten, über süffige Cuvées zu kräftigen Rotweinen, bis zum einzigartigen Dessertwein.

Wir sind stolz, schon zum 3. Mal (2014, 16, 19) mit unserem Heerenberger Pinot blanc den Spezialpreis bester Pinot blanc am Mondial des Pinots in Sierre bekommen zu haben. Auch unsere anderen Weine werden regelmässig national und international sehr gut ausgezeichnet.

In unserem wunderschönen Gewölbekeller in der Schaffhauser Altstadt beim Schwabentor führen wir mit Begeisterung und Leidenschaft Weinverkauf, Degustationen, Apéros und sonstige Events durch.;8.6352854;47.6992962;Vorstadt 64;8200;Schaffhausen;+41 52 625 96 50;info@weinkeller.sh;http://www.weinkeller.sh/;[{'@type': 'ImageObject', 'contentUrl': 'https://shltpimtsoch.sos-ch-dk-2.exoscale-cdn.com/catalog/2/7/c/f/27cf90867b721f472cbc52d9f4641af5f69a7086_Bild_WeinKeller_Eichler.jpg'}];2026-08-04T09:34:31+02:00
03589bc2-c96d-492a-9ee0-0fdb8b37963b;Trotte Löhningen;Zukunftsorientierte Weinbaugenossenschaft mit Tradition;Die Trotte Löhningen ist eine Genossenschaft mit einer Tradition seit 1951. David Walter übernimmt 2019 die Geschäftsführung von seinen Eltern mit jungen Jahren. Mit frischem Wind führt er die Genossenschaft und übernimmt die Weinproduktion. Das Traubengut für die Weinbaugenossenschaft stammt aus Löhningen und dem Nachbardorf Beringen. Mit Sachverstand, Idealismus und einer grossen Verbundenheit zum Weinbau hegen und pflegen die 28 Winzer und Winzerinnen ihre Reben zum Grossteil in Handarbeit. 

Insgesamt neun Traubensorten werden auf rund 11 Hektaren angebaut. Die kalkhaltigen und flachgründigen Böden des Randens bringen einen ganz speziellen, Muskat betonten, fruchtigen und eleganten Riesling-Silvaner hervor. Aus diesem Grund sind in Löhningen etwa 70% der Rebfläche mit dieser Sorte bestockt. Löhningen die weisse Insel im Schaffhauser Blauburgunderland. Die kräftigen und fülligen Rotweine gedeihen in den tiefgründigeren Lagen in Richtung Beringen.;8.552750203158627;47.70016700205032;Herrengasse 21;8224;Löhningen;+41 52 685 36 46;info@trotte.ch;http://www.trotte.ch/;[{'@type': 'ImageObject', 'contentUrl': 'https://shltpimtsoch.sos-ch-dk-2.exoscale-cdn.com/catalog/a/5/2/b/a52b0101a30d0f865454f8a93c2b69fea261c981_trotte_loehningen_david_walter_quer.jpg'}];2026-05-14T23:21:43+02:00
0508e718-e950-4c23-9372-f9b29d3342ad;Weingut Florin;Familienbetrieb mit eigener Kelterung an schönster Lage in der Altstadt von Stein am Rhein.;<p>Winzerap&eacute;ro jeden Freitag von 17-20 Uhr.</p><p>Degustation und Weinverkauf jeden Samstag von 10-13 Uhr.</p><p>Steile S&uuml;dlagen sind unser Terroir. Klima und Natur unsere Partner. Erfahrung und Leidenschaft unser R&uuml;ckgrat. Herausragende Weine das Resultat. Wir bewirtschaften 3.5 ha Rebberge unterhalb der Burg Hohenklingen. Steile S&uuml;dlagen, 430-500 m.&uuml;.M. gelegen. Unser Sortenspiegel umfasst die traditionellen Gew&auml;chse Pinot noir und Riesling-Sylvaner sowie die internationalen Klassiker Pinot gris, Chardonnay und Rheinriesling. Dazu kommen neue Sorten. Unsere Weine tragen unsere Handschrift. Wir pflegen die Rebberge. Wir keltern die Weine. Wir k&uuml;mmern uns um die Vermarktung. Unser Motto: <span style="font-size: 10.0pt; line-height: 107%; font-family: 'Arial',sans-serif; mso-fareast-font-family: Aptos; mso-fareast-theme-font: minor-latin; mso-ansi-language: DE-CH; mso-fareast-language: EN-US; mso-bidi-language: AR-SA;">&laquo;</span>Hier gewachsen &ndash; hier gekeltert &ndash; alles aus einer Hand<span style="font-size: 10.0pt; line-height: 107%; font-family: 'Arial',sans-serif; mso-fareast-font-family: Aptos; mso-fareast-theme-font: minor-latin; mso-ansi-language: DE-CH; mso-fareast-language: EN-US; mso-bidi-language: AR-SA;">&raquo;</span>.</p><p>Besuche uns im Fronhof, Stein am Rhein!</p>;8.858297152354787;47.661030800000006;Fronhof 26;8260;Stein am Rhein;+41 79 784 97 46;info@weingutflorin.ch;http://www.weingutflorin.ch/;[{'@type': 'ImageObject', 'contentUrl': 'https://shltpimtsoch.sos-ch-dk-2.exoscale-cdn.com/catalog/f/0/1/7/f017ce85aa1b673c67d45cfd1266b3274904947c_20230812_130837__2.jpg'}];2026-07-21T21:36:47+02:00
05fcf794-5062-456a-ae09-4de25021c371;Restaurant Unterhof;Der vielleicht schönste Platz am Rhein in Diessenhofen.;Man munkelt, es sei der schönste Platz am Rhein. Überzeugen Sie sich selbst und geniessen Sie hausgemachte Spezialitäten.

Fischerstube: Im Gewölbekeller unserer Burg, unter Einheimischen auch bekannt unter "Höll" erwarten Sie hausgemachte Spezialitäten begleitet von regionalen Weinen in einzigartiger Atmosphäre.

Im ersten Stock unserer historischen Burg befindet sich die stilvoll, elegante Gourmetstube, in welcher wir Sie gerne nach allen Sinnen verwöhnen.;8.7478302;47.6901847;Rheinstrasse 23 ;8253 ;Diessenhofen;+41 52 646 38 83;info@unterhof.ch;https://www.unterhof.ch/;[{'@type': 'ImageObject', 'contentUrl': 'https://shltpimtsoch.sos-ch-dk-2.exoscale-cdn.com/catalog/c/7/a/c/c7ac1c0b6ef85250644ffd8320c3616e01ac996d_diessenhofen_restaurant_unterhof_gartenwirschaft_rhein_september.jpeg'}];2026-05-27T16:22:29+02:00
0cf8550e-7057-47fd-8488-09e2ca25fc24;Gysel Weine vom Haumesser;Unsere Leidenschaft liegt in der verantwortungsvollen Erzeugung von hochwertigen Trauben, denn sie sind die essenzielle Zutat für unsere Weine.;<p>Mit Fachwissen und Engagement setzen wir alles daran, beste Trauben nach &ouml;kologischen Prinzipien anzubauen.&nbsp;Dabei werden die Trauben von Hand gelesen und genaustens gepr&uuml;ft, bevor sie zu 8 verschiedenen Weinen ausgebaut werden. So garantieren wir, dass jedes Glas unserer Weine zum besonderen Erlebnis wird.</p><p>An jedem 1. &amp; 3. Samstag im Monat, im Dezember jeden Samstag, von 09.00 bis 12.00 Uhr ist unser Weinkeller f&uuml;r Sie offen. Passt das f&uuml;r Sie nicht? Rufen Sie uns an, dann vereinbaren wir eine f&uuml;r Sie stimmige Zeit.</p>;8.4707789;47.6673484;Hauptstrasse 17;8217;Wilchingen;+4152 681 28 75;gysel.haumesser@bluewin.ch;https://www.gysel-haumesser.ch/;[{'@type': 'ImageObject', 'contentUrl': 'https://shltpimtsoch.sos-ch-dk-2.exoscale-cdn.com/catalog/5/c/4/8/5c484cade011ffde8ef597efd2e0c90718d27ee4_Haumesser1.jpg'}];2026-07-25T13:11:59+02:00
0d06de89-40ee-4e09-9b5c-01fdc9754f22;Restaurant Wasserfels;Das «Wasserfels», familiäres Restaurant bekannt für seine italienische Pizza und Pasta Küche sowie die grosse Palette von Eisspezialitäten. ;<p>Ideale Lage direkt am Rheinufer, mit einer grossen Sommerterrasse. Sei es f&uuml;r einen Lunch oder Dinner, eine Familienfeier oder eine &laquo;F&ecirc;te&raquo; unter Freunden. Restaurant 120 Pl&auml;tze, Terrasse 140 Pl&auml;tze. Unser Restaurant ist rollstuhlg&auml;nig.</p>;8.8572063;47.6600963;Schiffländi 8;8260;Stein am Rhein;+41 52 741 22 36;wasserfels1@bluewin.ch;http://www.wasserfels.ch/;[{'@type': 'ImageObject', 'contentUrl': 'https://shltpimtsoch.sos-ch-dk-2.exoscale-cdn.com/catalog/e/2/9/4/e2945a7edf8397c48901e4e75879dfec911f152d_wasserfels_innen.jpg'}];2026-05-14T18:19:23+02:00
0f1712c2-5eb5-48f7-9a46-2c84722325b7;Restaurant Hotel Siblinger Randenhaus;Ausflugsrestaurant mit 9 Gästezimmern, gehobener regionaler und marktfrischer Küche. Ausflügler, Wanderer, Sportler, Familien, aber auch Geschäftsleute und Gourmets fühlen sich bei uns gleichermassen wohl.;<p>Weitsichten sind unser Markenzeichen. Unseren G&auml;sten pr&auml;sentiert sich bei sch&ouml;nem Wetter und guter Witterung eine einmalige Aussicht. Und ausser den Kuhglocken im Sommer ist es bei uns sehr ruhig.</p>;8.5386187;47.7298231;Randenstrasse 132;8225;Siblingen;+41 52 685 27 37;info@randenhaus.ch;http://www.randenhaus.ch/;[{'@type': 'ImageObject', 'contentUrl': 'https://shltpimtsoch.sos-ch-dk-2.exoscale-cdn.com/catalog/6/e/e/4/6ee4d38efdb968d11345fffbdf8c918ddb9f68ab_siblingen_siblinger_randenhaus_august_sommer__1_.jpg'}];2026-05-15T08:56:15+02:00
120e3513-793b-47fb-b4a8-9514602c31b3;Park am Rheinfall;Feiern im Park am Rheinfall.
Ab April 2026 steht das Park am Rheinfall für exklusive Bankette und Events bereit. Ob Hochzeit, Familienfest oder Firmenfeier – in unserer einmaligen Umgebung wird jeder Anlass zum besonderen Erlebnis.;<p><strong>Restaurant Park</strong></p><p>Ihre <strong>Event-Location</strong> f&uuml;r Hochzeiten, private Feiern und Firmenanl&auml;sse und weitere Veranstaltungen. Der stilvoll modernisierte Innenbereich bietet Platz f&uuml;r 140 G&auml;ste, die Terrasse mit dem eindrucksvollen Blick auf die Naturkulisse des Rheinfalls f&uuml;r bis zu 200 G&auml;ste.</p>;8.6121171887634;47.679486005628526;Rheinfallquai 5;8212;Neuhausen am Rheinfall;+41 52 544 14 00;info@erlebnis-rheinfall.ch;https://erlebnis-rheinfall.ch/de;[{'@type': 'ImageObject', 'contentUrl': 'https://shltpimtsoch.sos-ch-dk-2.exoscale-cdn.com/catalog/2/8/b/f/28bf8dabe9ebcfa8854e01569b739d8924e1694b_park_rheinfall_gruppen_event__2_.jpg'}];2026-05-14T17:48:43+02:00
1343789e-811f-44d5-9fd7-3c0c19423410;BAR RYŪ;Pop Up & Event Bar;<p>Geselligkeit am Rhein</p><p>Mitten in Schaffhausen, unweit des Rheins, lädt die BAR RYŪ zu einem besonderen Pop-Up-Erlebnis ein. Im Mittelpunkt stehen fein komponierte Drinks – von kreativen Cocktails &amp; Longdrinks bis zu ausgewählten Spirituosen und Weinen – serviert in einer stilvoll-urbanen Atmosphäre mit entspannten Vibes.</p><p>Die Bar versteht sich als Event-Location mit Charakter: wechselnde Musik- und Themenabende machen jeden Besuch einzigartig. Kulinarisch gibt’s passend dazu eine feine Auswahl an Comfort Food und kleinen Bar-Snacks, die das Erlebnis abrunden.</p><p>BAR RYŪ ist mehr als nur ein Drink – es ist ein Ort zum Ankommen, Verweilen und Geniessen. Pop Up und Event Bar mit Seele!</p>;8.639279330146968;47.69564595;Unterstadt 19;8200;Schaffhausen;+41 52 533 64 40;info@barkada.ch;https://www.barryu.ch/;[{'@type': 'ImageObject', 'contentUrl': 'https://shltpimtsoch.sos-ch-dk-2.exoscale-cdn.com/catalog/5/8/8/e/588ef24815e9ab98817afa4ad2e5e372aa9666a8_NZ6_7352.jpg'}];2026-06-20T22:31:21+02:00
1382b020-f551-4c2c-b6d3-6e8a649fed1f;Restaurant Falken;Brauereihaus;Das Stammhaus der Brauerei Falken verfügt über 600 Plätze im Restaurant und bietet gutbürgerliche Küche in bester Qualität und zu vernünftigen Preisen. Drei Säle, Kegelbahn und schöne Terrase inmitten der Fussgängerzone der Altstadt laden zum Verweilen.;8.6336848;47.6977076;Vorstadt 5;8200;Schaffhausen;+41 52 625 32 21;jj@flebion.ch;http://www.falken-schaffhausen.ch/;[{'@type': 'ImageObject', 'contentUrl': 'https://shltpimtsoch.sos-ch-dk-2.exoscale-cdn.com/catalog/5/c/0/d/5c0dca20b33059b230d4af10aa02c434be43af24_falken_schaffhausen.jpg'}];2026-05-15T23:22:13+02:00
14717343-e17b-4ce7-810b-276d7272a7ae;Ristorante La Piazza Haus zum Thiergarten;Raffinierte Gerichte in entspannter Atmosphäre: Im geschichtsträchigen Haus zum Thiergarten mitten in der Altstadt von Schaffhausen lässt das Restaurant und Pizzeria La Piazza italienische Gemütlichkeit aufleben. ;<p>Im Sommer l&auml;dt die Sonnenterrasse mit viel mediterranem Flair zum genussvollen verweilen ein.</p>;8.6355411;47.6956525;Münsterplatz 38;8200;Schaffhausen;+41 52 620 30 30;info@lapiazza-restaurant.ch;http://www.lapiazza-restaurant.ch/;[{'@type': 'ImageObject', 'contentUrl': 'https://shltpimtsoch.sos-ch-dk-2.exoscale-cdn.com/catalog/c/9/9/b/c99b27713beade8896d5562976c73c17d2d99bd1_sh_restaurant_la_piazza_thiergarten.jpeg'}];2026-04-28T10:00:47+02:00
14afa7f9-e95a-4461-9404-4b238cf315af;Schloss Laufen am Rheinfall;Im Tagesrestaurant „Castello“ sorgt der ehemalige Bannersaal mit seinem heimeligen Kamin und der grossen Terrasse für eine stimmungsvolle Szenerie. Geniessen Sie köstliche Spezialitäten mit dem Fokus auf Regionalität und Saisonalität in geschichtsträchtiger Kulisse. Im „Bleulersaal“ werden Sie abends kulinarisch mit abwechslungsreichen Kreationen verwöhnt.;<p>Beeindruckend sind sowohl der Ausblick auf den tosenden Rheinfall als auch die historischen Gem&auml;uer des 1200 Jahre alten Schlosses, das zum Kulturerbe vom Kanton Z&uuml;rich z&auml;hlt. <br><br>Im <strong>Tagesrestaurant &laquo;Castello&raquo;</strong> sorgt der ehemalige Bannersaal mit seinem heimeligen Kamin und der grossen Terrasse f&uuml;r eine stimmungsvolle Szenerie. Geniesse k&ouml;stliche Spezialit&auml;ten mit dem Fokus auf Regionalit&auml;t und Saisonalit&auml;t in geschichtstr&auml;chtiger Kulisse. Im &laquo;<strong>Bleulersaal&raquo;</strong>&nbsp;wirst Du abends kulinarisch mit abwechslungsreichen Kreationen verw&ouml;hnt. Der abendlich beleuchtete Rheinfall rundet das Erlebnis ab. <br><br><strong>Event-Location: </strong>Vom Turmzimmer bis zum prunkvollen Rittersaal: Hier findest Du einen w&uuml;rdigen und geschichtstr&auml;chtigen Rahmen f&uuml;r eine unvergessliche Familien- oder Firmenfeier, eine rauschende Hochzeit oder ein inspirierendes Seminar. Der ideale Ort f&uuml;r Feierlichkeiten von 2 bis zu 200 Personen.&nbsp;<br><br>Das <strong>Besucherzentrum</strong> mit Souvenir-Shop/Ticketing und Snack-Restaurant, ist die zentrale Anlaufstelle f&uuml;r die Entdeckung einer der gr&ouml;ssten Attraktionen der Schweiz. Glaslift, K&auml;nzeli, Panoramalift und Belvedere-Weg, sind nur einige der H&ouml;hepunkte. Einzelbesucher und Gruppen finden hier eine moderne Infrastruktur, erlebnis- und lehrreiche Besonderheiten im Historama, Kinderspielplatz sowie einen rollstuhl- und kinderwageng&auml;ngiger Panoramaweg auf die Aussichtsplattform. Hier bist Du ganz nah am rauschenden Wasserfall. <br><strong><br>Anreise</strong><br>Grosser Auto- und Busparkplatz (gegen Geb&uuml;hr von 9 bis 18 Uhr).&nbsp;<br>Eigene SBB-Station &laquo;Schloss Laufen am Rheinfall&raquo;.</p>;8.6149334;47.6764342;Rheinfallquai 30;8440;Dachsen;+41 52 659 67 67;info@schlosslaufen.ch;http://www.schlosslaufen.ch/;[{'@type': 'ImageObject', 'contentUrl': 'https://shltpimtsoch.sos-ch-dk-2.exoscale-cdn.com/catalog/4/5/e/1/45e1a203039feceb9eaa0cc6e747216e0d707a70_14_Schloss_Laufen.jpg'}];2026-08-27T04:01:48+02:00
2064fcf9-3fe4-4f8e-a1c5-8051ce2eeeb2;Selbstbedienungs Restaurant Schloss Laufen am Rheinfall;Selbstbedienungs-Restaurant für eine schnelle Verpflegung. Auch Take-away möglich. Grosse Terrasse.;<p>Sehen und Staunen macht hungrig und durstig: Das Selbstbedienungs-Restaurant mit seiner grossen Terrasse und dem Spielplatz liegt vor allem f&uuml;r Familien ideal.</p>;8.61517245095456;47.675788890130335;Rheinfallquai;8447;Dachsen;+41 52 659 67 67;info@schlosslaufen.ch;https://schlosslaufen.ch/de/rheinfall/informationen;[{'@type': 'ImageObject', 'contentUrl': 'https://shltpimtsoch.sos-ch-dk-2.exoscale-cdn.com/catalog/a/8/6/f/a86f8c14d00ec36e235d595e7f15f935a075428e_resized_870x450_origimage_250000841.jpg'}];2026-05-15T08:56:26+02:00
2411832b-621b-4e97-854c-737f703cd0ec;Hirschen Trüllikon;Seit 1894 wird im Gilde-Restaurant Hirschen Trüllikon Gastfreundschaft von der gleichen Familie gelebt und zelebriert.;Wir setzen auf saisonale Gaumenfreuden aus regionalen Produkten. In unserer Weingalerie präsentieren wir neben Gewächsen aus dem Schaffhauser Blauburgunderland auch Eigenbau-Weine vom hauseigenen Rebberg. Übernachten Sie in einem unserer Hotelzimmer nach einem genussvollen Abend.;8.6952064;47.6380233;Diessenhoferstrasse 23;8466;Trüllikon;+41 52 319 13 17;info@hirschen-truellikon.ch;https://www.hirschen-truellikon.ch/;[{'@type': 'ImageObject', 'contentUrl': 'https://shltpimtsoch.sos-ch-dk-2.exoscale-cdn.com/catalog/5/2/3/2/523218a6da383caf80d96bc8a5469658ac3fcf32_landhotel_hischren_truellikon.jpg'}];2026-07-27T04:01:58+02:00
246fb02b-01a5-4624-b76d-a32b9a509010;Quellpark Kundelfingerhof;Im Quellpark Kundelfingerhof dreht sich alles rund um Fisch, Genuss und Wasser. Neben dem Natur- und Angelpark finden Gäste ein à la Carte-Restaurant, den Bankettpavillon am Teich, einen Hofladen, eine Hofmanufaktur, einen Angelshop und die bekannte Fischzucht.;Der Natur- und Angelpark bietet ein ideales Ziel für einen Genuss-, Firmen- oder Familienausflug. Im Restaurant spielt der eigene Fisch die Hauptrolle. Eine idyllische Atmosphäre, gepaart mit herzlicher Gastfreundschaft und kulinarische Köstlichkeiten, erwartet die Besuchenden. Auf die kleinen Gäste wartet ein Spielplatz draussen und Mal- und Spielsachen drinnen. Die Küche zaubert zudem feine kindergerechte Gerichte. Der Bankettpavillon direkt am Wasser ist die ideale Lokalität für Hochzeiten und Bankette bis 150 Personen. Alle Räumlichkeiten sind barrierefrei und rollstuhlgängig.

Der Selbstbedienung-Hofladen präsentiert ein grosse Auswahl an lokalen Spezialitäten in der Region. Viele Produkte stammen aus der eigenen Hofmanufaktur. Der Angelshop dient als Anmeldung für den Angelpark und bietet eine Auswahl an Angelzubehör und Ködern. Der Hofladen und der Angelshop sind 24/7 geöffnet. Bezahlt wir an einer Selfscanning-Kasse.;8.7078125;47.6771618;Kundelfingerhof 1;8252;Schlatt;+41 52 646 06 06;info@kundelfingerhof.ch;https://kundelfingerhof.ch/;[{'@type': 'ImageObject', 'contentUrl': 'https://shltpimtsoch.sos-ch-dk-2.exoscale-cdn.com/catalog/4/c/b/6/4cb6c0190864d393d441d51fdcc0e8f41fd1eba6__MGS0246.JPG'}];2026-05-27T16:24:27+02:00
279e782f-c4b6-44f6-8187-013f435e3ce1;Lang's Café;Lang's Café ist ein Familienbetrieb mit täglich frisch zubereiteten Torten, Patisserie, Brot, Brötchen und belegten Broten. Geniessen Sie Mittagsmenüs und Abendessen in gemütlicher Atmosphäre. Passion und Qualität vereint!;Lang's Café in Neuhausen am Rheinfall ist ein vielseitiger Treffpunkt, der vom frühen Morgen bis spät abends geöffnet ist. Beginnen Sie Ihren Tag mit einem köstlichen Frühstück, mit hausgemachtem Gebäck und Gipfeli in gemütlicher Atmosphäre oder geniessen Sie ein herzhaftes Mittagessen aus der vielfältigen Speisekarte. Am Nachmittag laden hausgemachte Torten, Patisserie und Kaffeespezialitäten zum Verweilen ein. Abends können Sie bei einem leckeren Abendessen den Tag entspannt ausklingen lassen. Lang's Café bietet eine einladende Atmosphäre und freundlichen Service zu jeder Tageszeit.;8.6219848;47.6838789;Zentralstrasse 100;8212;Neuhausen am Rheinfall;+41 52 672 32 94;info@langs-cafe.ch;https://www.langs-cafe.ch;[{'@type': 'ImageObject', 'contentUrl': 'https://shltpimtsoch.sos-ch-dk-2.exoscale-cdn.com/catalog/a/1/0/e/a10e1c9b049552f40db60f3c89d02b9d9ec86a7b_restaurant_metropol_in.jpg'}];2026-06-21T08:32:31+02:00
2a17a0c8-1654-4f14-ae3e-0a9d797ddb27;Heusi Weinbau «vinoTon»;Heusi Weinbau mit den musikalischen Weinen;<p>Philipp Heusi kultiviert seit &uuml;ber 20 Jahren mit viel Herzblut und Engagement seine Reben im Chl&auml;ggi. Dort liefert er einen wesentlichen Teil zur Verwirklichung seiner Vorstellung von authentischen Weinen aus den verschiedenen Lagen rund um G&auml;chlingen. Er pflegt auf einer Fl&auml;che von 1,5 Hektaren die Sorten Riesling-Silvaner, Sauvignon Blanc, Regent und Pinot Noir.</p><p>Die lagenrein ausgebauten, sehr klaren, geradlinigen und ehrlichen Weine werden von der R&ouml;tiberg Kellerei, nach seinen Vorstellungen gekeltert und abgef&uuml;llt. Der Verkauf der eigenen Weine hat in den letzten Jahren einen immer gr&ouml;sseren Stellenwert eingenommen. Was vor circa 20 Jahren eher als Nebengesch&auml;ft begann, wird seit 2012 stetig ausgebaut. In der &laquo;vinoton-linie&raquo; lassen sich nebst den Klassikern auch seltene Exemplare finden wie z. B. den &laquo;leggiero&raquo; (Regent Ros&eacute;) oder das &laquo;violoncello&raquo; (Cuv&eacute;e Zweigelt/Pinot Noir). Nat&uuml;rlich haben auf dem Betrieb auch neue und spezielle Versuche ihren Platz.</p>;8.4958576;47.7021892;Schulgasse 9;8214;Gächlingen;+41 79 226 52 33;info@vinoton.ch;https://vinoton.ch/;[{'@type': 'ImageObject', 'contentUrl': 'https://shltpimtsoch.sos-ch-dk-2.exoscale-cdn.com/catalog/6/1/8/c/618c4ead5cff9f7b27c96f88659b9ee8e84f6606_IMG_9130.jpg'}];2026-07-22T13:22:42+02:00
2b82e8ac-4eac-43cb-af61-c316c85f3b96;Vinorama;Im ehemaligen Rathaus an der Vordergasse 73 finden Sie 30 Weine aus dem Schaffhauser Blauburgunderland.;<p>Frische Weissweine und fruchtige, gehaltvolle Rotweine. Greifen Sie direkt zu und kaufen Sie Ihren Lieblingswein vor Ort. Auf Wunsch werden Sie in die Geheimnisse der besten hiesigen Tropfen eingeführt und erfahren vielseitige und interessante Informationen über unser Weinbaugebiet.</p><p><b>Oenomat<br></b>Entdecken und degustieren Sie Weine aus dem Schaffhauser Blauburgunderland. In unserem Oenomaten stehen jeweils bis zu acht Weine zur Auswahl, welche regelmässig gewechselt werden. Die Weine sind stets perfekt temperiert und das System schützt vor Oxidation und Qualitätsverlust.</p><p>Mit Ihrer persönlichen <a href="https://schaffhauserland.ch/de/index/shop/wertkarte-blauburgunderland.html#/experience/TDS00020013355732424">Wertkarte</a> probieren Sie nach Herzenslust und finden sicherlich den passenden Wein ganz nach Ihrem Geschmack.</p><p>Das Vinorama hat jeweils zu den Öffnungszeiten des Visitor Centres geöffnet.</p>;8.6342689;47.6963232;Vordergasse 73;8200;Schaffhausen;+41 52 620 40 82;info@blauburgunderland.ch;https://blauburgunderland.ch/de/;[{'@type': 'ImageObject', 'contentUrl': 'https://shltpimtsoch.sos-ch-dk-2.exoscale-cdn.com/catalog/8/8/1/4/8814d01a87c7811cff22f14ad577720083a20bf1_sh_vinorama_visitor_centre_weine__5_.jpg'}];2026-05-15T23:22:06+02:00
341bc1fc-34dd-4bea-90cd-df93d7bf413f;Restaurant RheinGenuss - Freizeitanlage Rheinwiese;Das Restaurant RheinGenuss liegt in Feuerthalen, direkt am Rhein. Regionale Küche, Brunch und Take-away mit Blick aufs Wasser, mit gemütlicher Sonnenterrasse.;<p class="MsoNormal">Das Restaurant RheinGenuss liegt direkt am Rhein bei Schaffhausen, mitten in Feuerthalen. Auf unserer grossz&uuml;gigen Sonnenterrasse geniesst du regionale K&uuml;che, marktfrische Gerichte, einen feinen Brunch und erfrischende Getr&auml;nke mit Blick aufs Wasser.</p><p class="MsoNormal">Ob Fr&uuml;hst&uuml;ck, Mittagessen, Kaffee und Kuchen am Nachmittag oder ein gem&uuml;tlicher Ap&eacute;ro am Abend: Bei uns sitzt du direkt am Fluss. F&uuml;r unterwegs gibt es ein praktisches Take-away mit gesunden Snacks und herk&ouml;mmlichen Klassikern.</p><p class="MsoNormal"><span style="font-size: 12.0pt; line-height: 115%; font-family: 'Aptos',sans-serif; mso-ascii-theme-font: minor-latin; mso-fareast-font-family: Aptos; mso-fareast-theme-font: minor-latin; mso-hansi-theme-font: minor-latin; mso-bidi-font-family: 'Times New Roman'; mso-bidi-theme-font: minor-bidi; mso-ansi-language: DE-CH; mso-fareast-language: EN-US; mso-bidi-language: AR-SA;">Gerne sind wir auch der passende Ort f&uuml;r deinen Gruppenanlass oder deine Familienfeier am Rhein. Wir freuen uns auf deinen Besuch.</span></p>;8.6577171;47.6868018;Hauptstrasse 96c;8246;Feuerthalen;+41 52 659 33 17;info@camping-schaffhausen.ch;https://camping-schaffhausen.ch/restaurant-rheingenuss/;[{'@type': 'ImageObject', 'contentUrl': 'https://shltpimtsoch.sos-ch-dk-2.exoscale-cdn.com/catalog/5/f/9/6/5f96559f6ec8aadf89f2748e8c3ebcb8a1cb901b_DSCN0485.jpg'}];2026-05-30T14:19:16+02:00
3992ed78-ff57-46e1-b778-4766d4c914d0;Zuckerbäckerei Ermatinger;Handwerkliches Können & Qualität  mit Tradition seit 1894;Egal, ob sich der grosse oder kleine Hunger meldet, in der Zuckerbäckerei Ermatinger finden Sie immer etwas Passendes.

Duftendes Brot und Brötchen, feiner Zopf zum Sonntag, verführerische Pralinés, leckere Sandwiches, frische Gipfeli, süsse Stückchen - alles aus einer Hand vom «Ermatinger». Bei der «Sandibox», der kleinen Aussenstelle der Zuckerbäckerei, werden auch warme Snacks angeboten. Die Suppen im Winter sind dabei besonders geschätzt, im Sommer erfrischen hausgemachte Glaces Körper und Geist.;8.6333086;47.6969013;Fronwagplatz 11;8200;Schaffhausen;+41 52 625 39 39;info@zuckerbeck.ch;http://www.zuckerbeck.ch/;[{'@type': 'ImageObject', 'contentUrl': 'https://shltpimtsoch.sos-ch-dk-2.exoscale-cdn.com/catalog/2/c/b/b/2cbbb07e9884f4a595d9bff1040ccfb1989470ca_Zuckerb__ckerei_Ermatinger__Schaffhausen_aussen_ssigg.JPG'}];2026-06-20T08:35:54+02:00
4104d59d-6d41-46f0-ac9f-1c8ab9961ea7;PeperOhni Café Laden und Bistro;Gemütliches Feinkostlokal mit hausgemachten, regionalen und mediterranen Spezialitäten;<p>Gerne bewirten wir Sie in unserem gemütlichen, liebevoll eingerichteten Lokal und auf der Terrasse. PeperOhni befindet sich in der charmanten Webergasse in der Schaffhauser Altstadt. Unser Angebot umfasst Kaffee- und Teespezialitäten, hausgemachte, saisonale Gerichte und Kuchen, Panini, Antipasti, spritzige Erfrischungsgetränke, regionale Biere, Weine und Apérodrinks. Herzlich willkommen!</p>;8.6363708;47.6982283;Webergasse 11;8200;Schaffhausen;+41 52 525 37 30;info@peperohni.ch;https://www.peperohni.ch;[{'@type': 'ImageObject', 'contentUrl': 'https://shltpimtsoch.sos-ch-dk-2.exoscale-cdn.com/catalog/9/8/4/c/984c945ec15bc86777e23f72267ecc4f0a81a230_Titelbild.jpg'}];2026-06-19T07:48:38+02:00
438a8742-fba4-4c8d-ae45-381a5087c92f;Restaurant Beringer Randenturm;Ob Ausflügler oder Geniesser, gerne erfüllen wir Ihre Wünsche in unserem gemütlichen Restaurant. ;<p>Nebst der sch&ouml;nen Lage und der ruhigen Umgebung, m&ouml;chten wir Sie auch mit unserer Gastfreundschaft &uuml;berzeugen. Das Restaurant, mit traumhafter Gartenwirtschaft mitten im Wald, kann man mit einem Spaziergang durch die sch&ouml;ne Randenlandschaft aber auch mit Velo, Auto und sogar Car erreichen. Der Parkplatz liegt unmittelbar neben dem Restaurant. Unser Restaurants eignet sich vorz&uuml;glich f&uuml;r Anl&auml;sse wie Geburtstage, Klassentreffen, Weihnachts- &amp; Vereinsessen usw. Durch unsere liebevolle Tischdekoration wird ihr Anlass bestimmt allen G&auml;sten in guter Erinnerung bleiben. Nebst der &uuml;blichen Speisekarte machen wir Ihnen gerne weitere Men&uuml;vorschl&auml;ge, damit Sie einen m&ouml;glichst angenehmen Anlass verbringen k&ouml;nnen. F&uuml;r Gruppen und Gesellschaften ab 20 Personen &ouml;ffnen wir das Restaurant an allen Wochentagen.</p>;8.5815234;47.7054056;Vorderi Ebeni-Strasse 4;8222;Beringen;+41 52 685 13 44;bollinger.daniel@bluewin.ch;http://www.randenturm.ch/;[{'@type': 'ImageObject', 'contentUrl': 'https://shltpimtsoch.sos-ch-dk-2.exoscale-cdn.com/catalog/6/3/d/9/63d91598c744c8efedb62ef266ce09aaec465947_beringen_restaurant_beringer_randen_august_sommer__9_.jpg'}];2026-08-04T04:02:47+02:00
44472f5c-2201-48b9-b25f-21ecaa90ace2;Leibacher Wein;Wir sind ein Familien Weingut in 5. Generation. ;An den steilen, sonnenverwöhnten Hängen über dem Rhein bauen wir auf 4 Hektaren 7 verschiedene Traubensorten an. Wir arbeiten eng mit der Natur zusammen, um die Vorzüge der einmaligen Lage hoch über Stein am Rhein, in unseren Weinen wiedergeben zu können. 

Gerne bieten wir Degustationen im Rebberg, im Wein-Atelier, oder auf unserem Weingut an. Unser Wein-Atelier ist jeden Donnerstag Abend ab 17:00 Uhr geöffnet. Wir freuen uns auf Ihren Besuch oder Ihre Kontaktaufnahme.  ;8.858006069728573;47.66304475;Wisegässli 11;8260;Stein am Rhein;+41 78 774 57 49;info@leibacher-wein.ch;https://leibacher-wein.ch/;[{'@type': 'ImageObject', 'contentUrl': 'https://shltpimtsoch.sos-ch-dk-2.exoscale-cdn.com/catalog/a/6/5/f/a65f449e08e47bf2181be76d0c2e8ca0e42838c1_steinamrhein_leibacher_wein_weinaterlier_degu_august_sommer__10_.jpg'}];2026-07-22T16:58:37+02:00
4534cc62-a230-4c35-a22b-315e9eeb70a8;Kümin Weinbau - Weinkultur seit 1902;Für mehr Glück in Ihren Gläsern;<p>Buchberg, Leutschen, St. Johann, Wangen, Tuggen, Rapperswil, Lenggis, Rosenberg, Richterswil, Quinten. Diese traditionsreichen Lagen sind eine Entdeckung wert. Sie bilden den N&auml;hrboden f&uuml;r ein reichhaltiges Angebot an regionalen Qualit&auml;tsweinen. Aus eigenem Anbau und aus eigener Kelterung. Die Familie K&uuml;min betreibt seit 1902 in der vierten Generation Weinbau und Weinhandel in Freienbach. Der Familienbetrieb mit 20 Mitarbeitenden engagiert sich t&auml;glich mit Begeisterung f&uuml;r die Qualit&auml;t ihrer einzigartigen Produkte. So entstehen regionale Qualit&auml;tsweine mit Charakter. Edelbr&auml;nde und Lik&ouml;re aus dem Hause K&uuml;min geh&ouml;ren neben dem Wein genauso zur Kompetenz wie die weit &uuml;ber die Region hinaus bekannten Treberwurstessen und Schlemmereien in der Brennerei.</p>;8.755748150196444;47.2062455;Oechsli 1;8807;Freienbach;+41 55 417 40 20;info@kuemin-weine.ch;http://www.kuemin-weine.ch;[{'@type': 'ImageObject', 'contentUrl': 'https://shltpimtsoch.sos-ch-dk-2.exoscale-cdn.com/catalog/d/4/7/a/d47a3ef0f5712d032c28f925583b30ca994df110_Kuemin_Weine_DJI_0138__c_zuerrer_k.jpg'}];2026-06-02T22:32:17+02:00
457c02dc-2d15-499c-855c-c68e2a05ba48;Ermatinger's Café Späth;Mitten auf dem Rathausplatz in Stein am Rhein laden 50 Aussenplätze und über 100 Sitzplätze im 1. Sock zum Verweilen ein.;<p>Duftendes Brot und Br&ouml;tchen, feiner Zopf zum Sonntag, verf&uuml;hrerische Pralin&eacute;s, leckere Sandwiches, frische Gipfeli und Bagels, s&uuml;sse St&uuml;ckchen, warme Suppen, verschiedene Salate und feine Glace - alles aus einer Hand vom &laquo;Ermatinger&raquo;.</p>;8.858921;47.659692;Rathausplatz 21;8260;Stein am Rhein;+41 52 625 39 40;info@zuckerbeck.ch;https://www.zuckerbeck.ch/;[{'@type': 'ImageObject', 'contentUrl': 'https://shltpimtsoch.sos-ch-dk-2.exoscale-cdn.com/catalog/d/f/7/0/df703b071048c060642d2f6789109ecaf1cc9ed6_IMG_20230322_WA0009.jpg'}];2026-07-10T04:02:10+02:00
488f0b1c-72f4-4ce6-a25d-a0e35b6ad9b0;Rebgut Stadt Schaffhausen, Stadtgärtnerei;An den städtischen Reblagen Munot und Rheinhalde werden jedes Jahr rund 20'000 kg Weintrauben produziert, welche zu exzellenten Weinen gekeltert werden.;<p>Die st&auml;dtischen Reblagen werden von Gr&uuml;n Schaffhausen gepflegt und bewirtschaftet.</p>;8.65119754027512;47.7069951;Rheinhardstrasse 6;8200;Schaffhausen;+41 52 632 56 60;gruen.schaffhausen@stsh.ch;https://www.stadt-schaffhausen.ch/gruenschaffhausen/30089;[{'@type': 'ImageObject', 'contentUrl': 'https://shltpimtsoch.sos-ch-dk-2.exoscale-cdn.com/catalog/f/d/9/a/fd9af961446527766472683e6c73a7c9107f4008_sh_munot_reben_stadtreben_fruehling_mai__18____Kopie.jpeg'}];2026-07-01T15:29:57+02:00
4d4b19cd-85b0-4838-9909-972835ac9b8a;Weincafé Bunter Vogel;Weincafé im historischen Gasthaus;<p>Willkommen im Weincafé Bunter Vogel – Ein Ort zum Geniessen und Verweilen</p><p></p><p>Das Weincafé Bunter Vogel, eingenistet im charmanten Haus zum Falken, ist eine zauberhafte Ergänzung zum historischen Gasthaus. Der liebevoll gestaltete Gastraum lädt ein, die Hektik des Alltags hinter sich zu lassen, und bietet den idealen Ort zum Verweilen, Geniessen und Wiederkehren. Gastgeber Bruno Agostinho sorgt dafür, dass Sie sich rundum wohlfühlen: Mit einer feinen Auswahl an regionalen Weinen, exquisiten Drinks, kleinen Häppchen sowie Kaffee und Kuchen ist für jeden Geschmack etwas dabei.</p>;8.4603808;47.6980326;Hauptstrasse 59;8215;Hallau;+41 55 556 32 71;buntervogel@falkenhallau.ch;https://falkenhallau.ch/weincafe-bunter-vogel/;[{'@type': 'ImageObject', 'contentUrl': 'https://shltpimtsoch.sos-ch-dk-2.exoscale-cdn.com/catalog/d/f/b/c/dfbc6c5c13c76491eeae334979f5cdef070eae73_hallau_weincafe_bunter_vogel_juni_sommer.jpg'}];2026-08-12T16:01:13+02:00
51892e6d-21fc-4fa7-bad7-468677395254;Wilchinger Bergwy;Eventlokal auf dem Bauernhof mit eigenem Wein;Die Reben prägen die Aussicht und das Bild vom Wilchingerberg auf eine besonders schöne Weise. Bestaunen Sie mit Ihren Gästen die Landschaft vom Klettgau.
Die Reben, der Ackerbau, grosse und kleine Tiere, der eigene Wein und wir als Familie verleihen unserem Betrieb den ganz eigenen Charme.
Gerne zeigen wir Ihnen unseren Wilchinger Bergwy bei einer Wein Degustation mit der Bäuerin. Dabei erfahren Sie allerhand über das Leben auf dem Bauernhof, die Arbeit in den Reben und über die schöne Region.
Unser Eventlokal bietet für verschiedene Anlässe das passende Ambiente. Buchen Sie den Gewölbekeller bis 28 Personen oder den modernen Fäscht - Ruum für bis 110 Personen. Die gedeckte Reblaube bietet Platz für 90 Personen.
Vom Vesperplättli für die Wandergruppe bis hin zur Hochzeitsgesellschaft mit Catering ist bei uns fast alles möglich.
Wir freuen uns auf Ihren Besuch.;8.427974707423799;47.679577699999996;Wilchingerberg 1;8217;Wilchingen;052 681 58 48;verkauf@bergwy.ch;https://www.bergwy.ch/;[{'@type': 'ImageObject', 'contentUrl': 'https://shltpimtsoch.sos-ch-dk-2.exoscale-cdn.com/catalog/5/1/1/b/511bbac4f2cb6d3e2ae2806245e04977b2ee1d6f_2_Bergwy_Wilchingerberg.jpg'}];2026-07-13T23:57:52+02:00
52a19a7d-d20d-403b-82e2-1de10adc5c40;Meetingpoint / Bistro am Herrenacker Schaffhausen;Meetingpoint – Treffpunkt für Business, Events, Kultur &amp; Sport auf dem Herrenacker in Schaffhausen inkl. gemütlichem Bistro.;Diverse Möglichkeiten, sich in ungezwungener Atmosphäre untereinander, aber auch mit anderen «Kreisen» auszutauschen – Sport und Kultur, Wirtschaft und Politik, Sport oder Kultur «unter sich». Die rund 60 Bistro-Plätze sind sehr unterschiedlich – traditionelle Tische für zwei oder mehr Gäste, Hochtische die auch als Bar oder als Arbeitsplatz genutzt werden können, eine Ecke mit Polstergruppen in verschiedenen Varianten, die «Stammtische» aus altem Eichenholz und mehrere «Séparée» für vertrauliche Gespräche, Präsentationen oder Verhandlungen laden zum Verweilen ein. Auf der rund 20 m2 grossen LED Wand von höchster Qualität kann man die Online Zeitung Bock 24 und Schaffhausen 24 mit Nachrichten aus der Region, der Schweiz und aller Welt lesen. Führende Sportclubs betreiben gemeinsam ihren Fanshop; Billette und Saisonkarten kann man bequem im Stadtzentrum rund um die Uhr kaufen. Sportlerinnen und Sportler aus den verschiedensten Sportarten treffen sich, haben Kontakt zu den Fans in «unserer kleinen Stadt». Und das Coworking-Angebot:
In inspirierender, lockerer Atmosphäre seiner Arbeit nachgehen, E-Mails checken und einen Cappuccino geniessen? Wir haben die Lösung: Raus aus dem Home-Office, rein in den Coworking-Space am Herrenacker! Sie haben die Wahl: Machen Sie es sich mit einem Kaffee im Bistro gemütlich und bearbeiten Sie Ihre E-Mails an der coolen Holztheke. Für etwas mehr Ruhe und Komfort stehen für Sie von StartHub Schaffhausen sechs vollausgestattete Arbeitsplätze mit High-Speed-Internet zur flexiblen Miete bereit.;8.632479341071747;47.69563495;Herrenacker 15;8200;Schaffhausen;+41 52 550 26 16;info@meetingpoint-sh.ch;https://www.meetingpoint-sh.ch;[{'@type': 'ImageObject', 'contentUrl': 'https://shltpimtsoch.sos-ch-dk-2.exoscale-cdn.com/catalog/8/f/1/2/8f124f8f9ed6c99a4434f2aaeed0c4ae52b9d499_Meetingpoint1_c_PeterScha__ublin_Kopie.jpg'}];2026-04-22T09:02:17+02:00
62a09fc6-b880-447f-b32d-53329301fd81;Schlössli Wörth;Das Schlössli Wörth liegt direkt am Rheinfall und verbindet Geschichte mit einer einmaligen Aussicht auf das tosende Wasser.;<p>Das Angebot im Schl&ouml;ssli mit bester Aussicht auf den Rheinfall. Bei gutem Wetter kannst du den Ausblick auf der Terrasse geniessen. Unsere Karte bietet feine &agrave; la carte Klassiker, eine abwechslungsreiche Mittagskarte und saisonale Gerichte.</p>;8.611907958984377;47.677932767200886;Rheinfallquai 30;8212;Neuhausen am Rheinfall;+41 52 544 14 00;info@erlebnis-rheinfall.ch;https://erlebnis-rheinfall.ch/de/essen-trinken;[{'@type': 'ImageObject', 'contentUrl': 'https://shltpimtsoch.sos-ch-dk-2.exoscale-cdn.com/catalog/8/2/4/5/8245336cfc1178476ef50ce161024cf4d0e8b8de_2025_erlebnis_rheinfall_headerbild_16.jpg'}];2026-08-24T13:46:09+02:00
650b4a2f-a976-4104-a52f-a0bdc465879c;Bergtrotte Osterfingen;Die Bergtrotte Osterfingen vereint Genuss, Wein und Kultur seit 1584.;<p>Die Berg&shy;trotte Oster&shy;fin&shy;gen vereint regionale K&uuml;che mit der einzig&shy;ar&shy;ti&shy;gen Trotte aus dem Jahr 1584 und einem moder&shy;nen Neubau. &Uuml;ber die Kantons&shy;gren&shy;zen hinweg ist die Berg&shy;trotte bekannt als Loca&shy;tion f&uuml;r Hoch&shy;zei&shy;ten und Firmen&shy;an&shy;l&auml;sse. Kultu&shy;relle Veran&shy;stal&shy;tun&shy;gen wie Lesun&shy;gen, Jazz&shy;kon&shy;zerte oder Comedy f&uuml;llen die R&auml;ume und die Herzen. Erlebe und entde&shy;cke dieses Juwel, welches seit 1584 f&uuml;r den Schaff&shy;hau&shy;ser Weinbau steht! In der Berg&shy;trotte zele&shy;brie&shy;ren wir eine K&uuml;che, die Regio&shy;na&shy;li&shy;t&auml;t, Hand&shy;werk und krea&shy;tive Raffi&shy;nesse vereint. Unsere Philo&shy;so&shy;phie wurzelt in der Tradi&shy;tion, doch wir inter&shy;pre&shy;tie&shy;ren sie mit moder&shy;nen Einfl&uuml;s&shy;sen neu. Dabei setzen wir auf erst&shy;klas&shy;sige Zutaten &ndash; &uuml;ber 60 % stammen von Produ&shy;zen&shy;ten aus einem Umkreis von 20 km. So garan&shy;tie&shy;ren wir Frische, Saiso&shy;na&shy;li&shy;t&auml;t und eine enge Verbun&shy;den&shy;heit zur Natur.</p>;8.4840497;47.6641684;Trottenweg 38;8218;Osterfingen;+41 52 681 11 68;info@bergtrotte.ch;http://www.bergtrotte.ch/;[{'@type': 'ImageObject', 'contentUrl': 'https://shltpimtsoch.sos-ch-dk-2.exoscale-cdn.com/catalog/4/e/0/3/4e0345aa8a5f2deed2ba8091fa8180d7d930fa59_Bergtrotte_Osterfingen.jpg'}];2026-07-24T22:46:15+02:00
686dd7d1-126e-47c5-812b-326a597037e2;Sonnengut-Weine;Sonnengut-Weine besticht durch konstante Qualität und ein spannendes Sortiment. Das Sonnengut steht für tolle Anlässe wie das Räbhüslifest, «Martini ohne Gans», Brocante, Alpkäse und Wein.;<p>Das Sonnengut ist ein traditioneller Familienbetrieb in Trasadingen. Es wurde 1887 erbaut und ist seither in Familienbesitz. Sonnengut-Weine umfasst klassische Variet&auml;ten des Pinots, vom Federweissen, &uuml;ber den Pinot Gris bis hin zum Grand Vin Mousseux. Vom Hochstammobstgarten werden edle Br&auml;nde produziert und ein grossartiger Ratafi&agrave; vom Nussbaum.&nbsp;</p><p>Die Reben gedeihen inmitten des renommierten Klettgaus, wo die Voraussetzungen f&uuml;r hochwertige, naturnahe und nachhaltige Weine ideal sind. Unsere Weine sind Naturpark zertifiziert.</p>;8.4326739;47.6672218;Undergass 5;8219;8219 Trasadingen;+41 52 682 28 50;info@sonnengut-weine.ch;https://sonnengut-weine.ch;[{'@type': 'ImageObject', 'contentUrl': 'https://shltpimtsoch.sos-ch-dk-2.exoscale-cdn.com/catalog/d/a/a/4/daa476aa6ba585ccbfff45804e5f654e758d2760__MG_6894__2.jpg'}];2026-06-12T22:05:39+02:00
6964d85c-91e6-4a8b-948f-25020020bf18;HR Weine Lindenhof & Erlebnis Alte Dorfschmiede;Direkt beim Bahnhof Trasadingen im Lindenhof ist HR Weine zu Hause.;<b>HR Weine</b>
Gerne können Sie bei uns die Weine degustieren oder einen Zwischenhalt einschalten.
Für einen Treff bis 20 Personen bitten wir um Anfrage.

<b>Erlebnis Alte Dorfschmiede</b>
Gerne zeigen wir Ihnen als Detail die alte Dorfschmiede von Trasadingen.


Wir freuen uns auf Ihren Besuch.;8.43629885;47.664375;Lindenhof 1;8219;Trasadingen;+41 52 681 46 89;waldmeier.hans@bluewin.ch;[{'@type': 'ImageObject', 'contentUrl': 'https://shltpimtsoch.sos-ch-dk-2.exoscale-cdn.com/catalog/d/c/9/b/dc9b7bdb58abe382528548b4efb7ade5a0694e56_IMG_1220.jpg'}];2026-08-08T14:44:10+02:00
6af93391-5644-4d5b-ad56-2e93b5334059;Alprestaurant Babental;Speiserestaurant auf der einzigartigen Alp Babental;<p>Unsere Freude &uuml;ber diesen sch&ouml;nen Arbeitsplatz k&ouml;nnen wir am besten und ehrlichsten mit Motivation, Abwechslung und Tatendrang zum Ausdruck bringen. F&uuml;r uns steht Essen und Trinken im Mittelpunkt. Die Schweizer K&uuml;che bietet eine riesige Auswahl an Gerichten und Rezepten. Trendig, modern und den heutigen Anspr&uuml;chen gerecht, haben wir unsere Speise- und Getr&auml;nkekarten gestaltet. Wir backen unser Brot selbst und servieren Ihnen hausgemachte Kuchen, Rickli und Schnitten. Hausgemacht und frisch zubereitet zeichnet uns aus und bestimmt die Gestaltung unserer Speisekarte mit. Wir kaufen regional ein, wir kochen saisonal und wir nehmen R&uuml;cksicht.</p><p>Wollen Sie gepflegt und einfach &uuml;bernachten, dann sind Sie bei uns richtig: Ruhe, Natur und einen sehr hohen Erholungsfaktor bieten unsere Unterk&uuml;nfte. &Uuml;bernachtung von Donnerstag bis Montag.</p>;8.521912;47.7449709;Babental 354;8226;Schleitheim;+41 52 680 12 72;info@alprestaurant-babental.ch;http://www.alprestaurant-babental.ch;[{'@type': 'ImageObject', 'contentUrl': 'https://shltpimtsoch.sos-ch-dk-2.exoscale-cdn.com/catalog/b/4/4/c/b44cfaff04acb3eb7f41ab01c761c0eecf5a329b_Babental_Umgebung_4__7_.jpg'}];2026-06-19T14:20:40+02:00
6e357f86-4627-4b67-bff5-19c3b2ae1856;Weinkellerei zum Hirschen;Rebgut und Weinkellerei
Gewölbekeller für Degustationen und Kellerführungen;Wir sind stolz auf unsere Weine, weil sie einzigartig sind.

Unser Familienbetrieb im „Hirschen“ – in der Mitte des schönen Klettgauer 
Winzerdorfs Osterfingen – ist das Haus qualitativ hochstehender Weine. 
Wir verwenden unser ganzes Können und unsere Kraft für die Pflege 
unserer Reben und für die Verarbeitung unserer Spezialitäten im eigenen,
 modernen Kellereibetrieb. Als Selbstkelterer verarbeiten wir unseren 
Eigenbau mit viel Liebe zu begehrten Spitzenprodukten.

„Das Bisherige in höchster Qualität pflegen und immer wieder neue, naturnahe Produkte kreieren“  ist unser Credo im Weinbau.

Besuchen Sie uns! Wir heissen Sie im Rebgut und in der Weinkellerei „Hirschen Osterfingen“ herzlich willkommen.;8.4885222;47.6629301;Dorfstrasse 52;8218;Osterfingen;+41 52 681 21 49;info@richli-hirschen.ch;http://www.richli-hirschen.ch/;[{'@type': 'ImageObject', 'contentUrl': 'https://shltpimtsoch.sos-ch-dk-2.exoscale-cdn.com/catalog/b/8/c/7/b8c7be05add53aa7a972348b21b474ebfc4695f0_Weinflaschen.jpg'}];2026-05-15T08:56:19+02:00
708fc7f4-efb3-4f25-bdce-331b05030a80;Güterhof - Gastronomie am Rhein;Der Güterhof in Schaffhausen hat sich vom Lagerhaus zum beliebten Restaurant entwickelt. Das Lokal mit Bar, Lounge und Terrasse liegt direkt am Rheinufer und hat sich auch als Event-Location einen Namen gemacht.;<p>Nach dem Umbau im Jahr 2019 erstrahlt der G&uuml;terhof in neuem Glanz: Das ehemalige Lagerhaus aus dem Jahr 1787 vereint Moderne und Tradition. Die historischen Grundmauern und die moderne Einrichtung verspr&uuml;hen einen ganz speziellen Charme.<br><br>Das <strong>Restaurant</strong> besticht durch seine grossz&uuml;gige Raumaufteilung mit verschiedenen Sitz- und Essbereichen und der grossen Bar. Geniesse bei sch&ouml;nem Wetter Deinen Kaffee auf der grossz&uuml;gigen Terrasse direkt am Rheinufer. W&auml;hle zum Lunch aus der Tageskarte oder eines der Mittagmenus und zum Dinner aus der vielf&auml;ltigen Abendkarte. Es erwartet Dich eine regionale und saisonale K&uuml;che mit Schweizer Klassikern und Grillspezialit&auml;ten.&nbsp;<br><br>Die Highlights: der <strong>w&ouml;chentliche Sonntagsbrunch </strong>und <strong>K&auml;sefondue (November bis Februar).</strong> <br><br>Bekannt ist der G&uuml;terhof aber auch als <strong>Event Location f&uuml;r Privat- und Gesch&auml;ftsanl&auml;sse, Seminare und Hochzeiten.</strong> Reserviere einen Bereich im Restaurant oder auf der herrlichen Terrasse. F&uuml;r einen gr&ouml;sseren Anlass den&nbsp;<strong>G&uuml;terhof-Saal (ca. 30 &ndash; 85 Personen)</strong> mit der Balkendecke und den Holzs&auml;ulen. Der &uuml;berdachte Innenhof kann mitbenutzt oder dazu gemietet werden. <br><br>Tauche ein in die einmalige Atmosph&auml;re des G&uuml;terhofs und erlebe die Vielseitigkeit dieses beliebten Restaurants in Schaffhausen am Rheinufer.</p>;8.6412581;47.6955227;Freier Platz 10;8200;Schaffhausen;+41 52 630 40 40;info@gueterhof.ch;http://www.gueterhof.ch/;[{'@type': 'ImageObject', 'contentUrl': 'https://shltpimtsoch.sos-ch-dk-2.exoscale-cdn.com/catalog/c/b/9/3/cb93e5b21c757dee20605f65bc796c303dba72bb_Gueterhof_Schaffhausen_Aussen_Nacht.jpg'}];2026-07-31T04:01:46+02:00
737b0e91-3075-4c16-bd8b-ced8071505dd;Bäckerei-Konditorei am Schaubmarkt;Seit 1993 führen wir, Franz und Monika Marty, unsere Bäckerei-Konditorei Am Schaubmarkt in der malerischen Altstadt von Stein am Rhein. ;<p>Unsere Gesch&auml;ftsliegenschaft stammt aus dem Jahr 1677 und wurde mit einigen Unterbr&uuml;chen seit jeher als B&auml;ckerei genutzt. UrDinkel nimmt in unserer Backstube eine Sonderrolle ein, wir haben uns im Verlauf der Jahre als UrDinkel-Spezialist etabliert. Unser Angebot umfasst viele verschiedene K&ouml;stlichkeiten wie Guetzli, Riegel oder Fr&uuml;chtebrote. An UrDinkel K&uuml;rbiskern-Bibern haben vor allem jene Fans von gef&uuml;llten Bibern grosse Freude, welche N&uuml;sse oder Mandel aus gesundheitlichen Gr&uuml;nden nicht vertragen. Daf&uuml;r werden ausschliesslich K&uuml;rbiskerne von Schaffhauser Bauern verwendet, den einzigen Schweizer K&uuml;rbiskern-Produzenten. Unsere Pr&auml;senz an der BEA in Bern ist bereits zur Tradition geworden. Wir geh&ouml;ren zu den Gr&uuml;ndungsmitgliedern von Naturel und allen Vorg&auml;nger-Organisationen und sind als B&auml;cker-Vertreter im Vorstand der IG Dinkel engagiert.</p>;8.8584849;47.6594791;Schwarzhorngass 6;8260;Stein am Rhein;+41 52 741 48 18;http://www.urdinkel.ch/de/shop/lieferanten/baeckerei-am-schaubmarkt;[{'@type': 'ImageObject', 'contentUrl': 'https://shltpimtsoch.sos-ch-dk-2.exoscale-cdn.com/catalog/7/f/2/f/7f2fb313a3e23dcdbe26bce0770a8acadbb9f6f3_Schaubmarkt_Gassenansicht.jpg'}];2026-05-15T23:26:35+02:00
74cab8ad-877d-4887-a8c1-b8c5c749fb3c;Bistro Iseli + Albrecht;Geniessen und Einkaufen im Herzen von Schaffhausen.
Im gemütlichen Bistro verwöhnt dich Iseli + Albrecht mit feinen Leckereien und erfrischenden Getränken – perfekt für eine kleine Pause beim Stadtbummel oder nach dem Einkauf.
Entdecke alles rund um den Haushalt – von praktischen Küchenhelfern über Qualitätsgeschirr bis hin zu liebevoll ausgewählten Geschenkideen.;<h5>Bistro</h5><p><strong>Sommergenuss</strong><br>Im Sommer erwartet dich feines Eis und erfrischende Frapp&eacute;s, ideal f&uuml;r warme Tage in der Altstadt.</p><p><strong>Klassiker &amp; Getr&auml;nke</strong><br>Ganzj&auml;hrig serviert:</p><ul><li>Kaffeespezialit&auml;ten</li><li>Verschiedene Sodas und Erfrischungsgetr&auml;nke</li><li>Feinen Wein &ndash; u.a. den beliebten Mun&ouml;tler und Federweiss vom Lindenhof Osterfingen.</li></ul><p><strong>F&uuml;r den kleinen Hunger<br></strong>Leckere Toasts, frisch zubereitet und herzhaft gef&uuml;llt, sind der perfekte Begleiter zu deinem Getr&auml;nk.</p><p>Komme vorbei, geniesse eine Pause und lasse dich kulinarisch und pers&ouml;nlich verw&ouml;hnen.</p><p>&nbsp;</p><h5>Haushaltsfachgesch&auml;ft in Schaffhausen</h5><p>Entdecke alles rund um den Haushalt &ndash; von praktischen K&uuml;chenhelfern &uuml;ber Qualit&auml;tsgeschirr bis hin zu liebevoll ausgew&auml;hlten Geschenkideen.<br>Zudem f&uuml;hrt Iseli + Albrecht eine grosse Auswahl an originalen Victorinox Taschenmessern und weiteren Schweizer Qualit&auml;tsprodukten &ndash; ideal als Andenken oder Geschenk.</p><p>Das Gesch&auml;ft liegt mitten in der Altstadt von Schaffhausen, nur wenige Gehminuten vom Bahnhof und dem Munot entfernt &ndash; ein Ort zum St&ouml;bern, Entdecken und Geniessen.</p>;8.6348448;47.6959247;Münstergasse 22;8200;Schaffhausen;+41 52 632 44 33;events@iseli-albrecht.ch;https://www.iseli-albrecht.ch/ueber-uns/standorte/schaffhausen-haushalt/;[{'@type': 'ImageObject', 'contentUrl': 'https://shltpimtsoch.sos-ch-dk-2.exoscale-cdn.com/catalog/f/5/1/1/f5114731d85460b767853fb6855dbe706f3f1034_Bistro_Aussen.jpg'}];2026-05-05T13:28:15+02:00
818cde20-2421-4bc5-83bc-ca0617bf7565;D'Chuchi;Die Küche ist Experimentierraum, Diskussionsforum oder bietet einfach Zeit zum Zusammensein - Kurz: Die Küche ist das Herzstück jedes Hauses.;<p>&laquo;D'Chuchi&raquo; steht f&uuml;r Produkte, die auch bei uns zu Hause auf den Tisch kommen w&uuml;rden - die man aber noch lange nicht &uuml;berall findet, f&uuml;r junge und innovative Ideen sowie f&uuml;r regionale Verankerung, die sich gerne international inspirieren l&auml;sst. Unsere Karte wechselt jeden Monat und passt sich der Saison an. Das Ziel ist es, unseren G&auml;sten die ungezwungene Atmosph&auml;re der heimischen K&uuml;che zu erm&ouml;glichen - kombiniert mit dem Genuss, sich im Restaurant verw&ouml;hnen zu lassen.</p>;8.6376191;47.6960548;Brunnengasse 3;8200;Schaffhausen;+41 52 620 05 28;essen@dchuchi.ch;http://www.dchuchi.ch/;[{'@type': 'ImageObject', 'contentUrl': 'https://shltpimtsoch.sos-ch-dk-2.exoscale-cdn.com/catalog/d/f/d/e/dfde16d93ba557408018ff1563f115e697b413c0_DChuchi_Restaurant.jpg'}];2026-05-15T23:22:00+02:00
8220066b-68aa-4ce5-927e-d609b8f0ff53;Beckenburg das Restaurant;Das mit 14 GaultMillau-Punkten ausgezeichnete Restaurant Beckenburg ist seit 1877 ein fester Bestandteil der Schaffhauser Gastronomie. Heute führen Sonja und Claudio Natale das traditionsreiche Haus und verbinden Geschichte mit einem klaren Anspruch an Qualität und Handwerk.;<p data-start="582" data-end="856">In der Beckenburg steht eine ehrliche, saisonale K&uuml;che im Mittelpunkt. Verarbeitet werden frische Produkte, viele davon von Produzenten aus der Region, die ihr Handwerk ebenso konsequent leben. Entscheidend ist nicht die Herkunft allein, sondern das Resultat auf dem Teller.</p><p data-start="858" data-end="1059">In der K&uuml;che wird pr&auml;zise gearbeitet. Fonds, Saucen, Beilagen und Desserts entstehen gr&ouml;sstenteils im eigenen Haus. Die Gerichte sind klar aufgebaut, geschmacklich ausgewogen und auf den Punkt gekocht.</p><p data-start="1061" data-end="1234">Erg&auml;nzt wird das Angebot durch eine vielseitige Weinkarte mit Schwerpunkt auf dem Schaffhauser Blauburgunderland sowie ausgew&auml;hlten Schweizer und internationalen Positionen.</p><p data-start="1236" data-end="1500">Das Restaurant bietet rund 60 Sitzpl&auml;tze im Innenbereich und weitere 40 auf der Terrasse. Ob f&uuml;r ein entspanntes Dinner, ein Gesch&auml;ftsessen oder einen festlichen Anlass &ndash; die Beckenburg schafft den passenden Rahmen f&uuml;r genussvolle Stunden in gepflegter Atmosph&auml;re.</p>;8.632162387583744;47.69380055;Neustadt 1;8200;Schaffhausen;+41 52 620 12 12;info@beckenburg.ch;http://www.beckenburg.ch/;[{'@type': 'ImageObject', 'contentUrl': 'https://shltpimtsoch.sos-ch-dk-2.exoscale-cdn.com/catalog/f/4/d/a/f4da5dedf05b030c3fce3928756e984e14f13c43_20240508_174045__2.jpg'}];2026-08-17T07:47:08+02:00
8497bd23-ce0a-4518-bdf2-90792bb59004;Familie Rüedi Weinbau mit Weinstube;Das WeinFassHotel befasst sich nicht nur mit Gästen aus nah und fern. Unser Betrieb hegt und pflegt neben den Gästen noch ca. 7 ha Reben. ;<p>In den nahegelegenen Rebbergen gedeihen vorwiegend Pinot Noir Trauben, aber auch M&uuml;ller-Thurgau, Kerner, Cabernet Jura, Johanniter, Solaris und Merlot sind vertreten. Aus diesen Traubensorten werden in verschiedenen Kellereien feine Weine f&uuml;r gem&uuml;tliche Stunden gekeltert.</p>;8.4297748;47.667687;Zinggen 1;8219;Trasadingen;+41 52 681 43 77;info@rueedi-ferien.ch;http://rueedi-ferien.ch/weinbau;[{'@type': 'ImageObject', 'contentUrl': 'https://shltpimtsoch.sos-ch-dk-2.exoscale-cdn.com/catalog/6/0/7/6/607620b844c08bcb4a5eed46f4b75c0bbd722c3e_apero.JPG'}];2026-06-19T14:27:28+02:00
8534dc2f-ec55-470d-a79d-e4e7abc47c53; Weingut  Waldmeier;Lust auf Ferien im Fasshotel oder eine Weinprobe? Im Fasshotel und Weingut der Familie Waldmeier in Trasadingen kombinieren Sie beides.;Seit mehreren Generationen betreibt die Familie das Weingut. Auf ungefähr sieben Hektar bester Lage wachsen verschiedene Rebsorten, an denen die Trauben zu ihrer endgültigen Bestimmung heranreifen. Der naturnahe Anbau und die Erfahrung sind die Ausgangsbasis für das hochwertige Endprodukt, das Christian Waldmeier seit 1991 im eigenen Keller nach ökologischen Methoden keltert. Natürlich dürfen Sie diese bei einer Weindegustation gerne kosten.

Neben den Weinen aus eigener Produktion erhalten Sie Traubenkernöl, Essig und Verjus, die ebenfalls auf dem Weingut hergestellt werden.;8.4282512;47.6683324;Gässli 7;8219;Trasadingen;0526813656;waldmeier@fasshotel.ch;https://www.fasshotel.ch;[{'@type': 'ImageObject', 'contentUrl': 'https://shltpimtsoch.sos-ch-dk-2.exoscale-cdn.com/catalog/4/e/b/6/4eb6d83bee51344f060f9e5ecf04825fbd03e933__MG_9998.JPG'}];2026-07-24T16:56:57+02:00
87403c72-e5ac-4f7a-81ee-fd2777b70472;Bull & Bonito;Mediterrane Küche mit bestem Fleisch, Klassiker vom Grill, Fisch, Wein und Bier.;<p class="MsoNormal"><span style="mso-fareast-font-family: 'Times New Roman'; color: black;">Inspiriert von mediterranen K&uuml;stenst&auml;dten kommt im Bull &amp; Bonito, dem Restaurant im Hotel&nbsp;Vienna House, der pure Geschmack Spaniens, Frankreichs und Italiens auf die Zunge. Freuen Sie sich auf Klassiker vom Grill, richtig gutes Fleisch und leichten Fisch ebenso wie auf frische Gem&uuml;segerichte mit duftenden Kr&auml;utern. Unsere K&uuml;che verbindet regional, international&nbsp;und saisonal&nbsp;zu einem genussvollen Ganzen: Von Spargel im Fr&uuml;hling &uuml;ber aromatische Kr&auml;utergerichte im Sommer bis hin zu Wildspezialit&auml;ten im Herbst servieren wir, was die Jahreszeit und unsere Region hergeben. Dazu ein Glas Chardonnay oder ein k&uuml;hles Bier &ndash; wie ein sonniger Tag am Meer zum Ansto&szlig;en. F&uuml;r besondere Anl&auml;sse steht Ihnen unser 300 m&sup2; gro&szlig;er Eventsaal&nbsp;zur Verf&uuml;gung &ndash; ideal f&uuml;r Feste, Feiern, Tagungen oder Firmenveranstaltungen. Mit moderner Technik, flexibler Bestuhlung und viel Tageslicht wird jeder Anlass zum Erlebnis.</span></p>;8.6317983;47.6992222;Bleicheplatz 1;8200;Schaffhausen;+41 52 631 00 00;info.zurbleiche-schaffhausen@hrg-hotels.com;https://www.bullandbonito.com/bull-bonito-schaffhausen/home;[{'@type': 'ImageObject', 'contentUrl': 'https://shltpimtsoch.sos-ch-dk-2.exoscale-cdn.com/catalog/1/3/9/6/139678ca001d037eb5d34c3c9910809ed54e7251_Hauptbild_Restaurant_Bull_Bonito.jpg'}];2026-06-03T22:11:56+02:00
89af2b2d-acd9-4262-b19a-8cf5b8d580e6;Villa Sommerlust;Mit Leidenschaft für den Genuss Vom Rheinfall bis zum Atlantik, von klassisch bis Fine Dine.
Entdeckung des Jahres im Gault Millau 2024.
1 Stern im Guide Michelin 2024.;<p>Die Villa Sommerlust in Schaffhausen ist ein Ort der Gastfreundschaft und des Genusses.</p><p>Die Küche ist sowohl von regionalen wie internationalen Einflüssen geprägt, immer auch mit einer vegetarischen oder veganen Variante. Originelle Geschmackskombinationen überraschen den Gaumen stets aufs Neue und machen das gemeinsame Speisen zu einem echten Erlebnis. Frische und beste Produkte sind so selbstverständlich wie die Passion, dem Gast ein kulinarisches Highlight zu bieten.</p><p>Ob zur gemütlichen Zweisamkeit, in einer Gruppe oder für einen geschäftlichen Anlass – die Villa, mit ihrem wunderschönen Garten am Rhein gelegen, ist immer die perfekte Location.</p>;8.6473018;47.6946173;Rheinhaldenstrasse 8;8200;Schaffhausen;+41 52 533 55 33;info@sommerlust.ch;http://www.sommerlust.ch/;[{'@type': 'ImageObject', 'contentUrl': 'https://shltpimtsoch.sos-ch-dk-2.exoscale-cdn.com/catalog/2/e/f/c/2efcdf3f865f58cb2baeb8c31f03a4d7f23fb4e8_heiraten_schaffhausen_sommerlust__18_.jpg'}];2026-07-13T23:52:39+02:00
8a29e44e-9f54-409f-8575-be0d949fe298;Klosterhalle;Klosterhalle – Ein Ort der Begegnung in historischem Ambiente.;<p>Die Klosterhalle befindet sich in einem ehemaligen Kloster direkt am historischen Walther-Bringolf-Platz im Herzen von Schaffhausen.</p><p>Die K&uuml;che pflegt die klassische Brasserie-Kultur auf zeitgem&auml;sse Art. Im Mittelpunkt stehen sorgf&auml;ltig ausgew&auml;hlte, regionale Zutaten, die sich unkompliziert miteinander kombinieren lassen. Ob zum Abendessen, auf einen Aperitif an der Bar oder sp&auml;ter im Club.</p>;8.6349987;47.6974524;Walther-Bringolf-Platz 1;8200;Schaffhausen;+41 52 550 20 15;info@klosterhalle.ch;https://klosterhalle.ch;[{'@type': 'ImageObject', 'contentUrl': 'https://shltpimtsoch.sos-ch-dk-2.exoscale-cdn.com/catalog/2/0/f/1/20f199bd9befc73784518d677f3f0747b68a9395_Def_Klosterhalle_Innen_Ganz__RGB.jpg'}];2025-12-15T17:44:14+01:00
8c25b73d-da1b-4df4-a28b-8b2a49110613;Weingut Lindenhof AG;Weingut in Osterfingen;Lange Zeit war der Lindenhof im Zentrum von Osterfingen der grösste Bauernhof im Dorf, bis sich Jakob Richli gänzlich dem Weinbau und der Kelterung widmete. Dank seiner visionären Vorarbeit verfügen wir mit knapp 6 Hektaren über eine Auswahl von Osterfingens interessantesten Lagen und Rebsorten. Im 2018 kamen noch 2.5 Hektaren Reben in Hallau in unseren Besitz, somit verfügen wir heute über eine breite Vielfalt an Klettgauer Terroir.
Wir bieten Ihnen Kellerführungen mit interessanten Infos zur Gegend und Degustationen von unseren Weinen an, gerne richten wir Ihnen dazu Fleisch- und Käseplatten.;8.4830946;47.661728;Dorfstrasse 19;8218;Osterfingen;+41 52 681 21 25;info@weingut-lindenhof.ch;http://www.weingut-lindenhof.ch/;[{'@type': 'ImageObject', 'contentUrl': 'https://shltpimtsoch.sos-ch-dk-2.exoscale-cdn.com/catalog/7/6/f/5/76f5e984469dab854a703bc92aa5356a07995965_Weine.png'}];2026-05-15T23:11:47+02:00
8df4f942-4f20-4eaa-8c10-fe3a07e3ff7c;Reber Schaffhauserzungen - Confiserie und Café;Heimat der Schaffhauserzungen - seit 1896;Hier werden seit 1896 die original Reber Schaffhauserzungen und andere hervorragende Spezialitäten hergestellt. Daneben verwöhnen wir Sie bei Kaffee, Tee und leckeren Kuchen oder beim Mittagessen - im Sommer gerne auf unserer Terrasse.;8.6370533;47.6958839;Vordergasse 21;8200;Schaffhausen;+41 52 625 41 71;info@schaffhauserzungen.ch;http://www.schaffhauserzungen.ch/;[{'@type': 'ImageObject', 'contentUrl': 'https://shltpimtsoch.sos-ch-dk-2.exoscale-cdn.com/catalog/0/4/9/3/04937b021d3d42a485ce7b5dda673847820c17d2_Hauptbild.jpg'}];2026-08-02T04:02:37+02:00
90276605-6e02-4cc5-a223-1f7dd0806032;Restaurant Gemsstübli;Mediterraner Flair & Schweizer Tradition

Bei uns erwartet Sie eine einzigartige kulinarische Reise: von den sonnenverwöhnten Küsten des Mittelmeers bis hin zu den herzhaften Spezialitäten unserer Schweizer Heimat.;<p class="MsoNormal">Bei uns soll sich jeder Gast willkommen f&uuml;hlen und in einer famili&auml;ren, gem&uuml;tlichen Atmosph&auml;re nicht nur zum Essen, sondern auch zum Verweilen, Entspannen und Wohlf&uuml;hlen bleiben.</p><p class="MsoNormal"><strong>Essen und Trinken<br></strong>Hausgemachte mediterran angehauchte Speisen aus regionalen Zutaten. Gemeinschaftsgerichte mit Platten zum Teilen und gemeinsam geniessen.</p><p class="MsoNormal"><strong>Gastfreundschaft<br></strong>Herzlicher, pers&ouml;nlicher Service: Mitarbeiter, die sich Zeit nehmen, Namen merken, Empfehlungen geben und ein echtes Interesse am Wohl der G&auml;ste zeigen.</p><p class="MsoNormal"><strong>Herzlichkeit<br></strong>Jeder Gast soll sich wie bei Freunden f&uuml;hlen, nicht nur wie ein Gast.</p><p class="MsoNormal"><strong>Famili&auml;re Atmosph&auml;re<br></strong>Events wie Familienbrunch oder Spieleabende zur F&ouml;rderung der Gemeinschaft und als Treffpunkt f&uuml;r Familien und Freunde.&nbsp;</p><p class="MsoNormal"><strong>Kegelbahn<br></strong>Unsere zwei Kegelbahnen bieten den perfekten Rahmen f&uuml;r gesellige Stunden, Geburtstage oder den klassischen Stammtisch-Abend.&nbsp;</p>;8.6421096;47.7132303;Gemsgasse 2;8200;Schaffhausen;+41 78 339 49 05;info@gemsstuebli.ch;https://www.gemsstuebli.ch/;[{'@type': 'ImageObject', 'contentUrl': 'https://shltpimtsoch.sos-ch-dk-2.exoscale-cdn.com/catalog/b/2/4/5/b24535121ce244b9d66602e246f74ebb502383e4_IMG_1955__2.JPEG'}];2026-06-30T14:19:49+02:00
90e29ad9-fa88-4469-bdc1-e189267a4ce0;Weinbau Gianini GmbH;Wir sind ein Familienbetrieb und bewirtschaften 6ha Rebland. Seit 1992 keltern und vermarkten wir unsere eigenen Produkte. ;<p>Geniessen Sie eine Degustation mit verschiedenen Weinen aus eigener Produktion unter pers&ouml;nlicher, fachm&auml;nnischer F&uuml;hrung im eigenen Keller. Ap&eacute;ro-Geb&auml;ck, Vesperpl&auml;ttli m&ouml;glich. max. Personenzahl bei Degustation: ab 4 Personen bis max. 35</p>;8.4608746;47.6992323;Hohlengasse 11;8215;Hallau;+41 52 681 39 31;info@weinbau-gianini.ch;https://www.weinbau-gianini.ch/;[{'@type': 'ImageObject', 'contentUrl': 'https://shltpimtsoch.sos-ch-dk-2.exoscale-cdn.com/catalog/e/d/a/9/eda97dc5d28df82b56e3ff2bb248f3ca3c3a303c_image002.jpg'}];2026-05-15T23:46:37+02:00
92ba70e8-b4fc-44d7-9e9b-b620615216b0;Noah's Schützenstube;Die Moderne des Noah's trifft auf die traditionelle Schützenstube.;Unsere einzigartige Atmosphäre verbindet die Eleganz der alten Schaffhauser Schützenstube mit modernem Flair.

Mittags präsentieren wir mit Freude unser modernes bürgerliches Angebot – eine Hommage an die traditionelle Küche mit zeitgenössischem Touch. Geniessen Sie sorgfältig zubereitete Gerichte aus hochwertigen Zutaten für ein vertrautes und erfrischendes Geschmackserlebnis.

Abends wird das noah’s zu einem Casual Fine Dining-Erlebnis. Unsere Abendkarte bietet spannende Gerichte, inspiriert von Tradition, jedoch mit kreativen Elementen. Tom und sein talentiertes Küchenteam legen großen Wert auf frische, saisonale Zutaten für ein unvergessliches kulinarisches Erlebnis.

Die Verbindung von modernen Kochtechniken mit traditionellen Aromen macht das noah’s zum idealen Ort für Feinschmecker. Lassen Sie sich von unserem aufmerksamen Service und der perfekten Mischung aus Moderne und Tradition verwöhnen – ein Erlebnis für Gaumen und Sinne gleichermassen. Wir freuen uns darauf, Sie im noah’s begrüssen zu dürfen!;8.635224299669003;47.69886755;Schützengraben 27;8200;Schaffhausen;+41 52 625 42 49;essen@noahs-schuetzenstube.ch;https://noahs-schuetzenstube.ch;[{'@type': 'ImageObject', 'contentUrl': 'https://shltpimtsoch.sos-ch-dk-2.exoscale-cdn.com/catalog/e/2/a/6/e2a6efa46a0f62a7b59685a8cb63fa95ac7dcf28_Haus_3.jpeg'}];2026-07-30T04:01:52+02:00
95fe3eed-21c1-4fab-acd1-df922a8ae459;Gin- oder Rum-Tasting Schaffhausen;Taste THE_Harmonie;Willkommen zum exklusiven Gin- oder Rum-Tasting Erlebnis in Schaffhausen! Führe deine Sinne auf eine unvergessliche Reise und tauche ein in die faszinierende Welt der edlen Destillate.

Wähle dein für dich passendes Erlebnis und geniesse in der Gruppe einen einzigartigen Abend mit einem geschmacksvollen Apéro oder einem Nachtessen – die Entscheidung liegt ganz bei dir.

Jedes Glas erzählt seine eigene Geschichte. Entdecke die Geheimnisse und Aromen verschiedener Gins oder Rums, angeleitet vom fachkundigen und erfahrenen Team der THE_KEN Harmonie.

Während du die Vielfalt der Spirituosen probierst, werden dazu passende kulinarische Leckerbissen serviert, welche die Aromen perfekt ergänzen und den Gaumen verwöhnen. Von delikaten Käsesorten bis hin zur geschmacksintensiven Wurst und reichhaltigen Bowls – so oder so eine perfekte Ergänzung zu deinem Verkostungserlebnis.

Geniesse die gesellige Atmosphäre in der THE_KEN Harmonie, während du dich mit Gleichgesinnten austauschst und neue Geschmackswelten entdeckst. Ob du eine Liebhaberin oder ein Liebhaber dieser Spirituosen bist oder einfach nur neugierig, dieses Erlebnis ist für Gruppen ab 5 Personen bis zu maximal 25 Personen buchbar.;8.6387788;47.6959477;Unterstadt 38;8200;Schaffhausen;+41 52 632 40 20;info@schaffhauserland.ch;https://schaffhauserland.ch;[{'@type': 'ImageObject', 'contentUrl': 'https://shltpimtsoch.sos-ch-dk-2.exoscale-cdn.com/catalog/b/1/8/5/b185528be2bb1a35ff2df23ae9b56fcccde4b7b5_gin_rum_tasting_theke_schaffhausen__60_.jpg'}];2026-05-15T23:56:34+02:00
99330697-fb0a-4c7b-874f-7522c59e083f;Bio-Suisse Weingut Stoll;Wein der Gut ist.
Gut für die Natur und gut für Sie.;Bio Suisse  seit 2014
Wir bewirtschaften und keltern Charakterweine aus Rebsorten der Zukunft auf 5 ha Reben, rein biologisch auf Kalkböden in Osterfingen.

Café Sabato
Von  Mai-Oktober jeden Samstag 11-18Uhr Wein degustieren, Regionale Tagesgerichte entdecken und selbstgebackene Kuchen zu Bio Kaffeespezialitäten geniessen. Wechselnde Kunstaustellungen und Live Musik.

Gut für Sie
Keine Rückstände von chemischen Spritzmitteln. Reduzierter Einsatz von Schwefel. Keine chemischen Dünger, Weinbereitung mit Zeit und Handwerk statt unnötiger Mittelchen. Selektive Lese, Reduzierte Ausbeuten und präzise Verarbeitung im modernen Keller für Weine ohne Allergene und klaren Geschmack.

Gut für Die Natur
Energieautarkie, Mehrwehflaschen, BiB, Lokale Produktion und Verkauf, angepasste Rebsorten, Biodiversitätsprojekte.... bis zu 75% Co2 Einsparung pro Flasche Weisswein im Vergleich zu einem Schweizer Weisswein ohne Einsparungsmassnahmen. 

Warum biologisch
Für uns bedeutet es die höchste Traubenqualität die wir liefern können und auch der langfristige Erhalt des Kulturguts Wein sowie unserer Kulturlandschaft.
Biologisch zu arbeiten ist für uns ein mehr an Liebe zum Wein, zum Mensch und zur Natur.

Regionalität & Soziale Verantwortung
Regionale Lieferung, Regionale Partner, Regionale Kunden, Regionale Lieferanten, Regionale Arbeitskräfte;8.4851891;47.6621602;Dorfstrasse 28;8218;Osterfingen;+41 52 681 11 21;info@weingut-stoll.ch;http://www.weingut-stoll.ch/;[{'@type': 'ImageObject', 'contentUrl': 'https://shltpimtsoch.sos-ch-dk-2.exoscale-cdn.com/catalog/f/7/c/9/f7c95765dc27f819ca013150b791d18dd539054f_Cafe_Sabato.png'}];2026-05-14T23:20:58+02:00
9b7ab6ce-6c77-48fe-bcb7-a5b90c012338;Brauerei Falken AG;Die Brauerei Falken gehört zu den fünf grössten, unabhängigen Brauereien der Schweiz und steht seit 1799 für Freiheit, Unabhängigkeit und den Stolz auf ein wirklich gutes Bier ein. ;<p>Möchten Sie in einer Gruppe die Brauerei Falken besichtigen? Brauereirundgänge werden für Gruppen ab 10 bis 20 Personen durchgeführt, dies natürlich inkl. Freibier und grossen Brezen.</p><p>Falls Sie einige der Biere mit einem Bier-Sommelier degustieren möchten, könnten Sie dies zusätzlich buchen. 

Bei Interesse kontaktieren Sie bitte direkt die Brauerei Falken.</p>;8.6448942;47.710864;Brauereistrasse 1;8200;Schaffhausen;+41 52 632 00 00;brauerei@falken.ch;http://www.falken.ch/;[{'@type': 'ImageObject', 'contentUrl': 'https://shltpimtsoch.sos-ch-dk-2.exoscale-cdn.com/catalog/2/0/9/1/20915a0343d88fa3d97e333f3fdacb04f5bd0aa3_PR_DSC3112_Sudhaus_quer.jpg'}];2026-08-07T14:37:35+02:00
9e72d9f4-03f8-43f8-be7e-feb3c2177348;Autohalle;Selfservice Mittagsangebot in der Autohalle – offen für Alle.;<p><strong>Warmes Men&uuml;</strong>: CHF 24.50<br>Auswahl zwischen Fleisch oder Fisch und Vegetarisch inkl. Men&uuml;salat oder Suppe, Wasser &amp; Kaffee</p><p><br><strong>Kaltes Buffet</strong>: CHF 19.50<br>Leichtes Lunch-Buffet mit frischen Salaten und verschiedenen Toppings inkl. Suppe, Wasser &amp; Kaffee&nbsp;</p>;8.6921318;47.5935036;Hostbachstrasse 4;8450;Andelfingen;+41 52 304 34 34;events@autohalle.ch;https://autohalle.ch;[{'@type': 'ImageObject', 'contentUrl': 'https://shltpimtsoch.sos-ch-dk-2.exoscale-cdn.com/catalog/4/2/a/9/42a99138b510a37f8611418b5ac20775da60ffa2_Bild__1_.png'}];2026-06-24T14:31:45+02:00
9f9d0777-117e-41df-9946-434afeb81d22;Restaurant 1802;Am Ufer des Rheins, an einem der schönsten Plätze der Region, eingebettet in die historische Atmosphäre des Klosterguts Paradies, verbinden das neue Hotel und Restaurant 1802 Gastfreundschaft, Qualität und Innovation. Hier trifft Geschichte auf Gegenwart.;<p>Geniessen am Rhein: Im historischen Fachwerkhaus l&auml;dt das <strong>Restaurant 1802</strong> zu einem echten Genussmoment ein. Regionale Zutaten, moderne K&uuml;che und herzliche Gastfreundschaft sorgen f&uuml;r ein kulinarisches Erlebnis, das in Erinnerung bleibt.</p><p>Der Name 1802 ist eine Hommage an das Gr&uuml;ndungsjahr der Georg Fischer AG und damit an den Ursprung der Stiftung Paradies, die diesen besonderen Ort tr&auml;gt - ein Ort, an dem Tradition, Nachhaltigkeit und moderne Lebensart harmonisch verschmelzen.</p>;8.6747052;47.6852624;Klostergutstrasse 10;8252;Schlatt;+41 52 547 12 00;restaurant@1802.ch;https://www.1802.ch/de.html;[{'@type': 'ImageObject', 'contentUrl': 'https://shltpimtsoch.sos-ch-dk-2.exoscale-cdn.com/catalog/4/6/e/9/46e90c706854f507d87440b2c89e173ba87e5b88_1802_homepage_restaurant.jpg'}];2026-04-07T12:05:15+02:00
a4c1a5c7-495c-4654-8a44-006302adf24b;Domaine Bösch;Traditioneller Winzerbetrieb Domaine Bösch;Die Domaine Bösch ist ein traditioneller Familienbetrieb in der klettgauischen Winzermetropole Hallau im Kanton Schaffhausen. Unser hauseigenes Weinsortiment setzt sich aus verschiedenen Blauburgunder- und Weissen - Spitzenweine  sowie einem Trester- und Quittenbrand zusammen. Wir sind davon überzeugt, dass man mit der Natur respektvoll umgehen muss um wahre Spitzenprodukte zu kreieren: daher haben wir uns in der Weinherstellung besonders schonender Pflege im Rebberg mit minimalem Maschineneinsatz verschrieben. Sie können unsere Weine in unserer Blauburgunder Taverne oder direkt im Rebberg in unserem im schmucken Rebhüsli auch mit  verschiedenen Mahlzeiten degustieren und geniessen.;8.4578488;47.6969208;Hauptstrasse 12;8215;Hallau;+41 52 681 33 91;info@domaine-boesch.ch;http://www.domaine-boesch.ch/;[{'@type': 'ImageObject', 'contentUrl': 'https://shltpimtsoch.sos-ch-dk-2.exoscale-cdn.com/catalog/f/7/2/6/f7262750bd6b4013ca929d8330a644ecc8057a8d_Peter_Boesch_Swiss_Tavolata_Foto_Jean_Pierre_Ritler_274.jpg'}];2026-08-01T14:57:02+02:00
a7599578-574d-4557-beb8-b7482cbdd7c0;PATAP Nano - Kaffeerösterei / Espressobar / Kaffeeshop;PATAP – unabhängig aus Überzeugung.

Kaffee mit Haltung & Geschmack. Kaffee ist politisch. Und sozial. Er ist Arbeit, Einkommen, Identität – vom Ursprung bis zur Tasse. Deshalb rösten wir mit Haltung und klarem Ziel. Wir sind eine unabhängige Spezialitätenrösterei in der Schweiz.;<p><strong>Unser Ziel<br></strong>Kaffee, der gut schmeckt &ndash; und sich auch gut anf&uuml;hlt. Fair. Sauber. Transparent.</p><p><strong>Unsere Mission<br></strong>Exzellenter Kaffee mit Verantwortung.</p><p>&nbsp;</p><p>&nbsp;</p><p>Guter Kaffee entsteht da, wo Menschen wissen, was sie tun &ndash; und wof&uuml;r. Wir arbeiten mit Partner:innen, die nicht auf Masse, sondern auf Substanz setzen. Wir r&ouml;sten Kaffee so, wie er gemeint ist: Klar. Sauber. Eigenst&auml;ndig. Hell oder dunkel &ndash; wenn, dann richtig. Kein Kompromiss. Nur Charakter. Kaffee ist mehr als ein Getr&auml;nk. Er ist Begegnung, Kultur, Alltag und Ausnahme zugleich. Seit Jahrhunderten bringt Kaffee Menschen an einen Tisch. Zum Reden. Zum Streiten. Zum Nachdenken.</p><p>&nbsp;</p><p>Unsere Espressobar ist genau daf&uuml;r da. Ein Ort mit Haltung. Und verdammt gutem Kaffee. WARUM WIR KAFFEE R&Ouml;STEN? WEIL&rsquo;S N&Ouml;TIG IS. PUNKT. Kaffee ist nicht einfach Kaffee. Er ist Handel, Geschichte, Ausbeutung &ndash; und gleichzeitig Geschmack, Kultur und Begegnung. Wir r&ouml;sten, weil wir zeigen wollen, dass es anders geht: transparent, fair, kompromisslos gut. Unsere Kaffees kommen nicht aus anonymen Lagern, sondern direkt von Leuten, die wissen, was sie tun. Kleinfarmer:innen, Kooperativen, Familienbetriebe &ndash; Menschen mit Haltung. Wir kaufen direkt, zahlen Preise, die Sinn machen, und zeigen, was bei uns h&auml;ngen bleibt. Alles offen, alles sichtbar.</p><p>Unsere R&ouml;stungen zeigen, was Kaffee kann: Frucht, Tiefe, Klarheit &ndash; manchmal auch Ecken und Kanten. Keine Effekthascherei &ndash; nur ehrliches Handwerk mit Haltung. Und ja: Ohne die Produzent:innen w&auml;ren wir nix. Deshalb nehmen wir uns selbst nicht zu wichtig. Aber das, was wir tun, nehmen wir ernst.</p><p>Und weil Haltung nicht beim Kaffee aufh&ouml;rt &hellip; Backen wir genauso: Handwerkliches Brot. Selbstgemachte Kuchen. Ehrlich, pur, regional. Butter, Mehl und Co. kommen direkt von Erzeuger:innen aus der Umgebung. Ohne Kram. Ohne Kompromiss. Wie beim Kaffee. Ob Croissant zum Espresso oder Sauerteigbrot f&uuml;r daheim &ndash; alles, was wir machen, soll gut schmecken. Und sich gut anf&uuml;hlen.</p><p>PATAP ist nicht perfekt. Aber echt. Und das ist uns wichtiger.</p>;8.8597778;47.6594694;Oberstadt 1;8260;Stein am Rhein;+41 77 507 27 31;info@patap.ch;https://patap.ch;[{'@type': 'ImageObject', 'contentUrl': 'https://shltpimtsoch.sos-ch-dk-2.exoscale-cdn.com/catalog/e/1/d/f/e1df0367e4fdb938d4fbc4352ed3ddd05dbfbcf8_12c93dbc_61e9_4b8a_8d63_2c8379709276.jpeg'}];2026-06-19T14:32:23+02:00
a90b0978-6c7b-43e6-9558-0d17632fc354;US-MEX Schaffhausen;US-Mexikanischer Genuss zu fairen Preisen.;In der Fussgängerzone der Schaffhauser Altstadt liegt das Restaurant US-MEX. Lange Öffnungszeiten, grosse Portionen, günstige Preise und eine unkomplizierte Atmosphäre zeichnen dieses Restaurant aus. Es verfügt über 200 Sitzplätze inkl. Wintergarten. An warmen Tagen kommt eine grosszügige Terrasse und ein charmanter Innenhof dazu. Das US-MEX lässt einem mit seinem typisch mexikanischen Style den Alltag vergessen.;8.6361913;47.6960895;Vordergasse 43;8200;Schaffhausen;+41 52 649 40 40;schaffhausen@usmex.ch;http://www.usmex.ch/;[{'@type': 'ImageObject', 'contentUrl': 'https://shltpimtsoch.sos-ch-dk-2.exoscale-cdn.com/catalog/a/3/a/1/a3a1ffe55cf6ab5fb03d907d2b536f48994841eb_180126_USM_SH_Restaurant_010.jpg'}];2026-06-19T20:32:34+02:00
abfe243f-1e2d-47cc-955a-a6cbe23d7b51;Café am Rheinquai;Das Café mit idyllischer Lage direkt am Rhein;<p>Mit viel Sorgfalt zubereitete Fr&uuml;hst&uuml;cke (Brunches), selbstgemachte Kuchen und Torten sowie auserlesene Caf&eacute;- und Teespezialit&auml;ten bilden den Kern unseres Angebots.</p><p>&Uuml;ber Mittag servieren wir Tellergerichte, Suppen, Fladenbrote und Marktsalate, f&uuml;r den Nachmittag und fr&uuml;hen Abend gibt es unsere Ap&eacute;roh&auml;ppchen.</p><p>In unserem Caf&eacute; legen wir Wert auf qualitativ hochstehende Produkte und stellen fast alles vor Ort selber her. Wir setzen, soweit m&ouml;glich, auf regional, fair und biologisch hergestellte Lebensmittel.</p><p>F&uuml;r gr&ouml;ssere Gruppen unterbreiten wir gerne eine Offerte f&uuml;r Morgenessen, Mittagessen oder einen Ap&eacute;roanlass.</p>;8.6423408;47.6953761;Fischerstubengässchen 2;8200;Schaffhausen;+41 52 659 37 94;reservation@cafe-am-rheinquai.ch;https://cafe-am-rheinquai.ch;[{'@type': 'ImageObject', 'contentUrl': 'https://shltpimtsoch.sos-ch-dk-2.exoscale-cdn.com/catalog/b/5/2/a/b52a9ed1b548835b4ca12b3f54429071fe5a1f99_Cafe_am_Rheinquai_gesamt.JPG'}];2026-05-28T16:06:33+02:00
b8a674cb-ba53-4d49-88fe-2e6f87a4cc7e;Hotel Selda's;Perfekt für Backpackers und Alleinreisende.;<p>Unmittelbar beim Bahnhof befindet sich das unter Denkmalschutz stehende Haus &laquo;zur Seldenau&raquo;. Das darin verankerte Hotel &laquo;Selda&rsquo;s&raquo; zeichnet sich nicht nur mit geografischer, sondern auch mit pers&ouml;nlicher N&auml;he aus: Frisch, liebevoll und zuvorkommend. Der Gast ist K&ouml;nig - durch die Schlossatmosph&auml;re in den Zimmern, wird dieser Satz zur Realit&auml;t gemacht. Charmant und individuell: Das &laquo;Selda&rsquo;s&raquo; bietet zw&ouml;lf komfortable Zimmer mit Gemeinschaftsb&auml;dern auf jeder Etage und einer einzigartige Suite mit eigenem Badezimmer.</p>;8.6317089;47.6985958;Hintersteig 1;8200;Schaffhausen;+41 52 620 10 00;info@seldas.ch;http://www.seldas.ch/;[{'@type': 'ImageObject', 'contentUrl': 'https://shltpimtsoch.sos-ch-dk-2.exoscale-cdn.com/catalog/5/b/a/2/5ba2ce8d5dc42a273785f96b25bfdb10d625f719_Seldas_bearbeitet.jpg'}];2026-08-23T20:53:06+02:00
b96840d7-0dd3-4b95-bef1-0a256c26b0a5;Burg Hohenklingen;Hoch über der Altstadt von Stein am Rhein thront die Burg Hohenklingen, eines der eindrucksvollsten und besterhaltenen Burgensembles der Schweiz. Sie bietet kulinarische und erlebnisreiche Highlights. ;<p>Ihre Geschichte reicht vermutlich bis ins 11. Jahrhundert zur&uuml;ck, im 13. Jahrhundert erhielt sie ihre heutige Gr&ouml;sse. Seit 1457 ist die Burg im Besitz der Stadt Stein am Rhein und wurde zwischen 2005 und 2007 sorgf&auml;ltig saniert. Heute l&auml;dt sie als Museum und Restaurant zu einer Reise ins Mittelalter ein.</p><p>Erlebe in der Burg pers&ouml;nliche Gastfreundschaft und unvergessliche Momente und lasse dich vom Burg Charme verzaubern. Perfekt auch das kulinarische Erlebnis zu zweit ebenso wie mit Familie oder Firma &ndash; ob im Restaurant, in der Burgstube, im Rittersaal oder im luftigen Obergaden.</p><p>&nbsp;</p><p><span data-teams="true">Die Anlage kann unabh&auml;ngig von einem Restaurantbesuch kostenlos besichtigt werden. Bitte beachte hierzu die jeweiligen &Ouml;ffnungszeiten.</span></p>;8.858065414010989;47.6668448;Hohenklingenstrasse 1;8260;Stein am Rhein;+41 52 741 21 37;info@burghohenklingen.com;http://www.burghohenklingen.com/;[{'@type': 'ImageObject', 'contentUrl': 'https://shltpimtsoch.sos-ch-dk-2.exoscale-cdn.com/catalog/4/2/a/9/42a94f3ab800dcd8535a0e49aa39dcdce068ea9d_steinamrhein_burg_hohenklingen_vonoben_wald_august_sommer__17_.jpg'}];2026-05-26T16:59:39+02:00
c2149877-88f8-4c1a-b013-68f5db259b63;St. Katharinental;Das ehemalige Kloster St. Katharinental ist ideal für eine kurze Auszeit.;Machen Sie Halt, kehren Sie ein; das CAFE KATHARINA hat 365 Tage im Jahr geöffnet. Geniessen Sie während den Sommermonaten die einmalige Lage direkt am Rheinufer mit eigenem Bootssteg. Die Räumlichkeiten des St. Katharinentals, sowie unsere Gastronomie bieten Gelegenheit, Veranstaltungen verschiedenster Art durchzuführen.;8.736693;47.6914817;Franzosenstrasse;8253;Diessenhofen;+41 58 144 76 00;hotellerie.ksf@stgag.ch;https://www.stgag.ch/unternehmen/standorte/klinik-st-katharinental/gastronomie-kultur/gastronomie/;[{'@type': 'ImageObject', 'contentUrl': 'https://shltpimtsoch.sos-ch-dk-2.exoscale-cdn.com/catalog/4/2/2/c/422c0445a72a5a0d6b3a0f4415ccc4bfc2d30c8d_Hotel_Neu_Katharinental.png'}];2026-05-13T21:04:59+02:00
c347471e-58d9-441a-9ba4-bfe48273e16e;Rutishauser-DiVino SA;Ihr Weinpartner für ein umfassendes, attraktives Sortiment aus Eigenkelterungen und Markenvertretungen.;<p style="margin: 0in; font-family: Calibri; font-size: 11.0pt;"><strong>Rutishauser-DiVino &ndash; der kompetente Weinpartner mit Tradition</strong></p><p style="margin: 0in; font-family: Calibri; font-size: 11.0pt;"><span style="font-style: italic;">Weinbauer | Weinproduzent | Weinh&auml;ndler</span></p><p style="margin: 0in; font-family: Calibri; font-size: 11.0pt;">&nbsp;</p><p style="margin: 0in; font-family: Calibri; font-size: 11.0pt;">Rutishauser-DiVino ist der nationale Weinpartner mit ausgepr&auml;gter Schweizer Weinkompetenz. Seit &uuml;ber 150 Jahren steht das Unternehmen f&uuml;r Leidenschaft, Qualit&auml;t und Genuss. Es bewirtschaftet eigene Rebberge in Winterthur, Hallau und Malans. Dar&uuml;ber hinaus arbeitet die Kellerei mit &uuml;ber 200 Traubenproduzenten aus den Kantonen Z&uuml;rich, Schaffhausen, Graub&uuml;nden, Thurgau und Aargau zusammen, von denen zus&auml;tzliche Trauben bezogen werden.</p><p style="margin: 0in; font-family: Calibri; font-size: 11.0pt;">&nbsp;</p><p style="margin: 0in; font-family: Calibri; font-size: 11.0pt;">In den modernen Weinkellereien in Winterthur und M&uuml;nchenbuchsee vinifizieren erfahrene &Ouml;nologen mit grosser Fachkompetenz Weine, die auf modernsten Anlagen abgef&uuml;llt werden. Zahlreiche Auszeichnungen best&auml;tigen die hohe Qualit&auml;t von Anbau und Ausbau. Erg&auml;nzt wird das Sortiment durch ein breites Portfolio bekannter internationaler Marken aus dem In- und Ausland, stets mit h&ouml;chstem Qualit&auml;tsanspruch.</p><p style="margin: 0in; font-family: Calibri; font-size: 11.0pt;">&nbsp;</p><p style="margin: 0in; font-family: Calibri; font-size: 11.0pt;">Zu den Kunden z&auml;hlen Grossverteiler, Gastronomiebetriebe, Weinh&auml;ndler sowie Private.</p><p style="margin: 0in; font-family: Calibri; font-size: 11.0pt;">&nbsp;</p><p style="margin: 0in; font-family: Calibri; font-size: 11.0pt;"><strong>Rebstation Hallau</strong></p><p style="margin: 0in; font-family: Calibri; font-size: 11.0pt;">Rutishauser-DiVino pflegt mit der Rebstation Hallau und dem historischen Tuffsteinkeller ein bedeutendes Symbol der Schaffhauser Weinbauszene. Der charakteristische rote Sandsteinboden der Lage Chilcheweg verleiht den Weinen eine mineralische Note. Moderne Abf&uuml;llanlagen und sorgf&auml;ltig ausgew&auml;hlte Trauben aus der Region garantieren Weine mit Herkunft, Charakter und h&ouml;chster Qualit&auml;t.</p><p style="margin: 0in; font-family: Calibri; font-size: 11.0pt;">&nbsp;</p><p style="margin: 0in; font-family: Calibri; font-size: 11.0pt;">Schon im 16. Jahrhundert wuchsen am Hallauer Chilcheweg Reben. Dieser ehemalige Pilgerweg, heute eine Gemeindestrasse, f&uuml;hrt von der Dorfmitte Hallau aus entlang der Bergstrasse durch die sch&ouml;ne Reblandschaft zur Bergkirche St. Moritz, die 1491 als Wallfahrtskirche von Hallau erbaut wurde. Im beschaulichen Weinbaudorf Hallau steht die Rebstation Hallau (fr&uuml;her auch: Volg Weinkellereien) die schon lange zur Schaffhauser Weinbauszene geh&ouml;rt. Die Rebstation umfasst 20 Hektar gepachtetes Land. Diese Reblagen befinden sich nebst Hallau auch in Oberhallau, Trasadingen und G&auml;chlingen.</p><p style="margin: 0in; font-family: Calibri; font-size: 11.0pt;">&nbsp;</p><p style="margin: 0in; font-family: Calibri; font-size: 11.0pt;"><strong>Reblage Chilcheweg</strong></p><p style="margin: 0in; font-family: Calibri; font-size: 11.0pt;">Der Rebhang Chilcheweg umfasst eine Fl&auml;che von 723 Aren, davon bewirtschaftet die Rutishauser- DiVino Rebstation Hallau selbst 320 Aren. Daneben arbeitet die Kellerei mit weiteren Trauben-Produzenten aus der Region, von denen sie zus&auml;tzliche Trauben bezieht. Der charakteristische rote Sandsteinboden des Chilchewegs verleiht den Weinen eine besondere mineralische Note. Die Trauben werden traditionell an der Maische vergoren und danach im Edelstahltank oder in Eichenf&auml;ssern ausgebaut, um die volle Ausdruckskraft der Aromen zu entfalten, so z.B. der mehrfach ausgezeichnete Skript Pinot Noir Chilcheweg.</p><p style="margin: 0in; font-family: Calibri; font-size: 11.0pt;">&nbsp;</p><p style="margin: 0in; font-family: Calibri; font-size: 11.0pt;"><strong>Tuffsteinkeller Hallau</strong></p><p style="margin: 0in; font-family: Calibri; font-size: 11.0pt;">Der historische Tuffstein-Gew&ouml;lbekeller aus dem Jahr 1896 bietet eine einzigartige Atmosph&auml;re f&uuml;r besondere Anl&auml;sse. Ob eine Weindegustation, Geburtstagsfeier, Hochzeit oder einfach f&uuml;r einen Vereinsanlass &ndash; in diesem charmanten Ambiente wird jeder Event zu einem unvergesslichen Erlebnis.</p><p style="margin: 0in; font-family: Calibri; font-size: 11.0pt; color: #fa0000;">&nbsp;</p>;8.4623159;47.6987495;Bergstrasse 32;8215;Hallau;+41 58 433 71 00;event@divino.ch;https://www.rutishauser-divino.ch/;[{'@type': 'ImageObject', 'contentUrl': 'https://shltpimtsoch.sos-ch-dk-2.exoscale-cdn.com/catalog/9/5/8/2/958256c6d187410d7d34d76b6c39279d8c6a41f4_RuDi_iStock_953907054.jpg'}];2026-05-26T10:55:46+02:00
c7778d49-3912-4c17-a067-72fc798734a2;Rötiberg Kellerei;Geile Weine aus Wilchingen;Wilchingen, ein Dorf mit 60 Hektaren Rebfläche, und ein junges Team mit Wein in den Adern und Ideen im Kopf - eine perfekte Kombination.

Im Norden der Schweiz erstreckt sich eine vor Urzeiten vom Rhein geformte Region – der Klettgau. Um die dort ansässigen Winzerdörfer Wilchingen, Osterfingen und Trasadingen wachsen die Reben, die in unserem Haus mit höchster Sorgfalt vinifiziert werden. Ideenreichtum und Kreativität sind unsere Aushängeschilder. Wir kreieren langlebige Schaffhauser Weine, die auch in vielen Jahren noch Spass machen.

2001 wurde die Rötiberg-Kellerei durch unsere Rebbauern ins Leben gerufen. Den Namen Rötiberg haben wir von einer der bestgelegenen und sonnigsten Reblagen am Wilchingerberg im wunderschönen Klettgau übernommen – der Wilde Westen von Schaffhausen.

Wir sind ein junges, innovatives Team, jeder packt dort an, wo Arbeit ansteht. Teamwork wird bei uns ganz grossgeschrieben. Unsere neuen Marketingideen entstehen meistens bei einigen Gläschen guten Weins.

Um guten Wein zu machen, braucht es viele Dinge: guten Boden, die richtige Menge an Sonnenschein und Regen und – vor allem – Liebe zum Weinmachen. Wir glauben an Weine für den puren Genuss – gemacht, um mit Freude und Freunden getrunken zu werden.

Wir sind stolz, dass all unsere Weine seit September 2019 für das Label Schweizer Pärke und Regionaler Naturpark Schaffhausen zertifiziert sind. Regionale Produkte und die Stärkung der regionalen Wirtschaft liegt uns am Herzen.;8.4674884;47.6676994;Hauptstrasse 34;8217;Wilchingen;+41 52 681 19 21;info@roetiberg.ch;http://www.roetiberg.ch/;[{'@type': 'ImageObject', 'contentUrl': 'https://shltpimtsoch.sos-ch-dk-2.exoscale-cdn.com/catalog/0/3/a/d/03ad9760bd1ec034ecb6e2a55c424642c209f660_DSCF3221.jpg'}];2026-06-20T22:16:09+02:00
c7fc5b9b-0945-42f4-ac6e-3c1a9b585b68;Weingut Gasser;Das Weingut Gasser ist ein familiengeführter Weinbaubetrieb in Hallau.;<p class="font-claude-response-body break-words whitespace-normal leading-[1.7]"><strong>Weingut Gasser &ndash; Weinkultur und Gastfreundschaft im Herzen des Klettgaus</strong></p><p class="font-claude-response-body break-words whitespace-normal leading-[1.7]">Du liebst guten Wein und m&ouml;chtest mehr dar&uuml;ber erfahren, wie er entsteht? Dann bist du beim Weingut Gasser in Hallau genau richtig. Sie bieten Kellerf&uuml;hrungen mit Degustation f&uuml;r kleine und grosse Gruppen an &ndash; und lassen dich ihre Weiss-, Rot-, Ros&eacute;- und Schaumweine direkt am Entstehungsort verkosten. Hallau, das gr&ouml;sste Weinbaudorf der Deutschschweiz, macht dabei schon von aussen Lust auf mehr.</p><p class="font-claude-response-body break-words whitespace-normal leading-[1.7]"><strong>Degustation &amp; Kellerf&uuml;hrung &ndash; Wein erleben von A bis Z</strong></p><p class="font-claude-response-body break-words whitespace-normal leading-[1.7]">Erlebe bei einer gef&uuml;hrten Tour durch unseren Keller, wie Weissweine, Rotweine, Ros&eacute;weine und prickelnde Schaumweine entstehen &ndash; und koste dich anschliessend durch die charaktervolle Weinpalette des Weinguts. Ob als Ausflug mit Freunden, Firmenanlass oder besonderer Anlass mit der Familie &ndash; eine Degustation im Weingut Gasser ist immer ein Erlebnis f&uuml;r alle Sinne. Kleine wie grosse Gruppen sind herzlich willkommen.</p><p class="font-claude-response-body break-words whitespace-normal leading-[1.7]"><strong>Ideale Lage f&uuml;r Ausfl&uuml;ge ins Schaffhauserland</strong></p><p class="font-claude-response-body break-words whitespace-normal leading-[1.7]">Hallau liegt im Herzen des Klettgaus und ist der perfekte Ausgangspunkt f&uuml;r unvergessliche Ausfl&uuml;ge in der Region. Der weltber&uuml;hmte Rheinfall in Schaffhausen ist nur eine kurze Fahrt entfernt. Die mittelalterliche Altstadt von Schaffhausen, die Festung Munot und der malerische Rheinsteig laden zum Entdecken ein. Wanderer und Velofahrer kommen auf den zahlreichen Routen durch Reben, W&auml;lder und entlang des Rheins voll auf ihre Kosten.</p><p class="font-claude-response-body break-words whitespace-normal leading-[1.7]">Das Weingut Gasser GmbH in Hallau freut sich auf deinen Besuch &ndash; komm und erlebe den Wein des Klettgaus dort, wo er entsteht!</p>;8.4635678;47.6972794;Eigenweg 12;8215;Hallau;+41 52 681 20 12;info@weingut-gasser.com;https://www.weingut-gasser.com/;[{'@type': 'ImageObject', 'contentUrl': 'https://shltpimtsoch.sos-ch-dk-2.exoscale-cdn.com/catalog/f/7/7/1/f77165e19eff757589e932e48f2ed145037e01b5_S__mpfli.jpg'}];2026-08-23T20:54:17+02:00
cb4ab0cb-801d-4902-8dc6-a9dd8bd860e5;Weingut Besson-Strasser;Biodynamisches Weingut direkt beim Rheinfall mit wunderbarer Terrasse und Eventraum für Gruppenanlässe.;<p data-start="0" data-end="282">Das Weingut Besson-Strasser ist ein biologischer, familiengef&uuml;hrter Betrieb in einzigartiger Lage &ndash; nur zehn Gehminuten vom beeindruckenden Rheinfall entfernt. Auf sieben Hektar Rebfl&auml;che, verteilt &uuml;ber die Kantone Z&uuml;rich und Schaffhausen, entstehen charakterstarke Weine mit regionalem Ausdruck.</p><p data-start="284" data-end="623">In der Vinifikation verbindet das Weingut Tradition und Innovation: Die Weine reifen im Fuderfass, im Barrique sowie in modernen Betonamphoren und entwickeln so ihre ganz eigene Pers&ouml;nlichkeit. Die Bewirtschaftung erfolgt konsequent biodynamisch und ist mit dem Demeter-Siegel zertifiziert &ndash; f&uuml;r h&ouml;chste Qualit&auml;t im Einklang mit der Natur.</p><p data-start="625" data-end="777" data-is-last-node="" data-is-only-node="">Erleben Sie die Weine hautnah: Gef&uuml;hrte Degustationen werden auf Anfrage individuell angeboten und machen Ihren Besuch zu einem besonderen Genussmoment.</p><p data-start="625" data-end="777" data-is-last-node="" data-is-only-node="">On parle fran&ccedil;ais, we speak english</p>;8.6262834;47.6729531;Dorfstrasse 75;8248;Uhwiesen;+41 52 659 14 39;besson-strasser@wein.ch;https://wein.ch/;[{'@type': 'ImageObject', 'contentUrl': 'https://shltpimtsoch.sos-ch-dk-2.exoscale-cdn.com/catalog/c/6/9/e/c69e5658de416b3143ee9489be40de2cb2296c82_Winzerkeller_Strasser_Weine.JPG'}];2026-08-07T14:34:00+02:00
cd9b3ac7-a0e9-44fc-bdcf-ac7cf56a1925;Füchsliwii;Füchsliwii ist ein Weinbaubetrieb in Buchberg mit eigener Besenbeiz.;<p>Entdecke das vielf&auml;ltige Weinangebot von F&uuml;chsliwii aus dem Rebgut Moritz Kern.</p><p>&nbsp;</p><p><strong>Besenbeiz F&uuml;chslistube</strong></p><p>Jeden Freitag ab 13:30 Uhr l&auml;dt im Sommer die Gartenwirtschaft und im Winter die heimelige F&uuml;chslistube zum Geniessen eines Glas Weins, herzhaften Pl&auml;ttchen oder Kaffee und Kuchen ein.</p>;8.5599706;47.5727309;Dorfstrasse 61;8454;Buchberg;+41 44 867 36 48;fuechsliwii@bluewin.ch;https://www.fuechsliwii.ch/;[{'@type': 'ImageObject', 'contentUrl': 'https://shltpimtsoch.sos-ch-dk-2.exoscale-cdn.com/catalog/4/e/a/a/4eaa062a59354a891f05f8edfbcedbba1d595be4_sh_reben_windegg_traubenbluete_rebberg_juni_sommer_13.jpg'}];2026-05-06T18:37:45+02:00
cdbf39cc-3de9-40dc-967c-027fa942cbe2;GVS Weine;Seit 1934 ist unsere Weinkellerei fest im Schaffhauser Weinbau verankert. Rund 70 Winzerinnen und Winzer aus dem Blauburgunderland liefern heute ihr Traubengut an uns – daraus entsteht eine vielfältige Auswahl charaktervoller Schaffhauser Weine.;<p class="x_MsoNormal"><span data-olk-copy-source="MessageBody">Seit 1995 verantwortet Kellermeister Michael Fuchs den Ausbau der Weine. Aufgewachsen auf einem Weingut in Baden bringt er viel Erfahrung und ein feines Gesp&uuml;r f&uuml;r die verschiedenen Lagen und Terroirs der Region mit. F&uuml;r sein langj&auml;hriges Engagement f&uuml;r den Schaffhauser Wein wurde er 2025 als &laquo;Blauburgunder des Jahres&raquo; ausgezeichnet. Gemeinsam mit seinem Team aus Weintechnologen, Lernenden und Mitarbeitenden in der Abf&uuml;llerei entstehen in unserer Kellerei &uuml;ber 50 verschiedene Weine.</span></p><p class="x_MsoNormal">Die Qualit&auml;t und Vielfalt unserer Weine zeigt sich regelm&auml;ssig in Auszeichnungen bei nationalen und internationalen Pr&auml;mierungen. Erg&auml;nzt wird unser Sortiment durch eine sorgf&auml;ltige Auswahl an Weinen aus Italien, Spanien und Portugal sowie durch Schaumweine und Champagner.</p><p class="x_MsoNormal">Die Weine k&ouml;nnen in unserer Vinothek im Herblingertal degustiert werden. Weitere Informationen zu unserem Sortiment finden sich in unserem Onlineshop.</p>;8.6640249;47.7174935;Gennersbrunnerstrasse 61;8207;Schaffhausen;+41 52 631 18 00;info@gvs-weine.ch;http://www.gvs-weine.ch/;[{'@type': 'ImageObject', 'contentUrl': 'https://shltpimtsoch.sos-ch-dk-2.exoscale-cdn.com/catalog/e/1/8/c/e18c38add9b8adf6b383c07196b900c677eaba5d_VU9A5301.png'}];2026-08-08T19:46:48+02:00
cf4d1220-81b7-4a6d-a815-1bfa139cdd13;W&W Weinbau Löhningen;Unsere Weine sind der Hammer;<p>Hallo und herzlich willkommen bei W&amp;W Weinbau. Wir m&ouml;chten dir gern Einblick in unser Schaffen geben und dir unsere Weine pr&auml;sentieren. Ziel unserer Arbeit ist, dir edle, regionale Weine anzubieten, die mit m&ouml;glichst viel R&uuml;cksicht auf die Natur und Umwelt produziert werden. Wir sind verbunden mit unseren Produkten und mit unserer sch&ouml;nen Heimat, dem Chl&auml;ggi (Klettgau). Uns ist wichtig, den Reben im gesamten Rebjahr ausreichend Aufmerksamkeit zu schenken und stets auf die Launen des Wetters zu achten (z.B. Trockenheit, Regen, Frost, Hagel). Beginnend beim sorgf&auml;ltigen Rebschnitt im Winter, dem Unterhalt der Rebanlage weiter &uuml;ber das Anbinden, das Verlesen, das Einschlaufen, den Pflanzenschutz, das Auslauben bis zum Herbsten. Viel &uuml;berwiegend manuelle Arbeit ist n&ouml;tig, damit die Reben wachsen und gedeihen. Die Qualit&auml;t unserer Weine entsteht im Rebberg. Unsere Weintrauben-Sorten: Riesling-Silvaner, Chardonnay, Blauburgunder, Merlot Seyval Blanc, Cabernet Jura, Bl&uuml;tenmuskateller (unsere drei PIWI-Sorten) PIWI bedeutet pilzwiderstandsf&auml;hig. Bei diesen beiden Sorten wird der Einsatz von Pflanzenschutzmitteln auf ein Minimum reduziert, d.h. weniger Durchfahrten = reduzierter Bodendruck = weniger CO2-Ausstoss = Beitrag zum Umweltschutz. In Zukunft werden wir noch mehr auf PIWI-Sorten setzen und ihre Vorz&uuml;ge unseren Kunden n&auml;her bringen. Sei neugierig!</p><p><strong>Weinverkauf</strong></p><p>Du bist jeden Freitag von 18 bis 19.30 Uhr herzlich auf unserem Hof willkommen, nach vorheriger telefonischer Absprache auch zu anderen Zeiten. Selbstverst&auml;ndlich darfst du unsere Weine vorher bei uns probieren.</p>;8.5535653;47.7032976;Rössligasse 46;8224;Löhningen;+41 79 351 29 48;info@weinbau-ww.ch;https://www.weinbau-ww.ch/;[{'@type': 'ImageObject', 'contentUrl': 'https://shltpimtsoch.sos-ch-dk-2.exoscale-cdn.com/catalog/9/6/c/7/96c7517ea40626ba41284820d7ed572b3a2298f7_loehningen_w_w_weinbau.jpg'}];2026-06-19T08:19:39+02:00
d2cf25c0-fb63-4edd-a66e-d079ac287318;Besenbeiz Lindenhof;Idyllische Besenbeiz in schönster Landschaft;In gemütlicher Atmosphäre können Sie von Anfang April bis Ende Oktober jeweils von Freitag bis Sonntag unsere Besenbeiz besuchen. Bei sehr schlechtem Wetter (Sturm, starker Regen…) bleibt die Besenbeiz geschlossen. Sind Sie unsicher, dann rufen Sie uns einfach kurz an 044 867 15 59

In der Besenbeiz geniessen Sie hofeigene und regionale Speisen und Getränke. Das macht eine Besenbeiz aus. Wir produzieren auf unserem Hof Wein, Traubenschorle, Süssmost und Fleisch (Beef). Alle anderen Produkte werden in nächster Nähe produziert.

Vom Grill verköstigen wir Sie mit unserem Fleisch. Die Spezialität auf unserem Hof ist die Rindsbratwurst. Zum Dessert gibt es feine Kuchen und Torten sowie Glace vom Gelatito aus Buchberg.;8.5573641;47.5653961;Lindenhof 4;8454;Buchberg;+41 44 867 15 59;info@lindenhof-sh.ch;https://lindenhof-sh.com/;[{'@type': 'ImageObject', 'contentUrl': 'https://shltpimtsoch.sos-ch-dk-2.exoscale-cdn.com/catalog/a/8/7/4/a8741e980f75fff433b338da6518d4716b0977c5_Terasse_Lindenhof_Sommer.jpg'}];2026-05-15T08:56:30+02:00
d4de066f-7e95-4e8d-896d-15022998f7e8;RIVI Skyfall Restaurant;Im RIVI Roof Restaurant & Bar wird dir 136 Meter über dem beeindruckenden Rheinfall eine spektakuläre Kulisse geboten. Mit einer Kombination aus erstklassiger Gastronomie, atemberaubender Panoramaaussicht und moderner Architektur, ist das RIVI Roof der perfekte Ort für ein Dinner, Lunch, oder eine Feier.

RIVI Skyfall: Aussichtsplattform 136m über dem Rheinfall;<p>Im RIVI Skyfall Restaurant wird dir 136 Meter &uuml;ber dem beeindruckenden Rheinfall eine spektakul&auml;re Kulisse geboten. Mit einer Kombination aus erstklassiger Gastronomie, atemberaubender Panoramaaussicht und moderner Architektur ist das RIVI Skyfall der perfekte Ort f&uuml;r ein Dinner, Lunch, oder eine Feier.</p>;8.613585244285757;47.6823809;Im Rhytech 1;8212;Neuhausen am Rheinfall;+41 52 525 72 62;info@rhyfall-village.ch;https://www.rivi-skyfall.ch/;[{'@type': 'ImageObject', 'contentUrl': 'https://shltpimtsoch.sos-ch-dk-2.exoscale-cdn.com/catalog/6/c/7/d/6c7da753e1b6b67422ae191c125495de5e6a1b89_Framed_46_min.jpg'}];2026-08-06T02:33:51+02:00
d6810de5-ea74-4826-9252-c889af733a64;Wunderstaa Wein AG;Wunderstaa Wein wurde 2016 von Quereinsteigern aus Begeisterung für guten lokalen Wein gegründet. Unsere Weine stehen für Herkunft, Sorgfalt und Charakter und sind ausgebaut mit Erfahrung, Neugier und dem Anspruch, Qualität stets vor Menge zu stellen.;<p class="MsoNormal"><strong>Unser Ansporn<br></strong>Wir begeistern anspruchsvolle Kundinnen und Kunden sowie Gourmets mit hochwertigen und nachhaltigen Qualit&auml;tsprodukten aus lokalem Anbau.&nbsp;</p><p class="MsoNormal"><strong>Wunderstaa Weine degustieren<br></strong>In unserem Degustationskeller kannst Du samstags von 10 bis 14 Uhr oder nach Vereinbarung alle unsere Weine und Edelbr&auml;nde kosten. Gerne bieten wir Gruppendegustationen, einen Rundgang durch die Reben oder eine Kellereibesichtigung an.</p><p class="MsoNormal"><strong>Weine kaufen und liefern lassen<br></strong>Vor Ort oder &uuml;ber unseren Onlineshop, per Mail, WhatsApp oder Telefon kannst Du alle unsere Produkte bestellen. Hauslieferungen in die ganze Schweiz sind f&uuml;r uns selbstverst&auml;ndlich. Regelm&auml;ssige Wunderstaa Liefertage oder bei dringendem Bedarf Vinolog-Lieferungen stellen sicher, dass Dein Wein zur wichtigen Zeit am richtigen Ort ist.</p><p class="MsoNormal"><strong>Kulinarische Anl&auml;sse sind uns wichtig<br></strong>Zusammen mit unseren Partnern organisieren wir von Wunderstaa regelm&auml;ssig kulinarische Erlebnisse. Seien es Degustationen mit dem Schiff auf dem Rhein oder Fine Dining-Anl&auml;sse mit der Spitzengastronomie, wir haben das Jahr hindurch immer etwas zu bieten.</p><p class="MsoNormal"><strong>Wunderstaa macht mit<br></strong>Ob am R&auml;bh&uuml;&uuml;slifest, an der Schafuuser Wiiprob, am First Friday, am Hallauer Weinfest, an der Schaffhauser Herbstmesse oder beim Iichaufe z&rsquo;Hallau, Wunderstaa ist mit dabei und leistet seinen Beitrag als lokaler Produzent und Schausteller.</p><p class="MsoNormal"><strong>Wir informieren regelm&auml;ssig</strong><br>Alle Angebote und Informationen findest Du auch auf unserer Homepage unter wunderstaa.ch. Zudem informieren wir Dich auf Wunsch regelm&auml;ssig per Post und per Newsletter. Melde Dich bei uns. Wir freuen uns sehr auf Deine Kontaktaufnahme und auf Deinen Besuch.</p>;8.4585667;47.6972443;Hauptstrasse 30;8215;Hallau;+41 52 682 25 25;info@wunderstaa.ch;https://www.wunderstaa.ch/;[{'@type': 'ImageObject', 'contentUrl': 'https://shltpimtsoch.sos-ch-dk-2.exoscale-cdn.com/catalog/d/1/9/9/d199e85a20efe47d97a4ce279cc31a81df22f8ec_Wunderstaa_Reben_Team_61.jpg'}];2026-06-19T08:20:35+02:00
d864372e-6ab0-4c03-bcc2-65a34e6861f8;Mister Cordon;Bei MISTER CORDON in Neuhausen erwarten Sie handgemachte Schweizer Cordon Bleus nach deinem Geschmack – frisch zubereitet, auf Wunsch allergikerfreundlich, vegetarisch oder vegan.;<div class="n6owBd awi2gc" data-sfc-cp="" data-sfc-root="ep" data-sfc-cb="" data-hveid="CAEIAhAA" data-complete="true" data-processed="true" data-copy-service-computed-style="font-family: &quot;Google Sans&quot;, Arial, sans-serif; font-size: 16px; font-weight: 400; margin: 12px 0px 16px; text-decoration: none; border-bottom: 0px rgb(10, 10, 10);"><strong class="Yjhzub" data-sfc-root="ep" data-sfc-cb="" data-complete="true" data-processed="true" data-copy-service-computed-style="font-family: &quot;Google Sans&quot;, Arial, sans-serif; font-size: 16px; font-weight: 600; margin: 0px; text-decoration: none; border-bottom: 0px rgb(10, 10, 10);"><span data-subtree="aimfl" data-processed="true" data-copy-service-computed-style="font-family: &quot;Google Sans&quot;, Arial, sans-serif; font-size: 16px; font-weight: 600; margin: 0px; text-decoration: none; border-bottom: 0px rgb(10, 10, 10);">Tradition trifft Moderne: Kulinarischer Genuss bei MISTER CORDON Neuhausen</span><!--TgQPHd||[]--></strong><!--TgQPHd||[]--></div><div class="n6owBd awi2gc" data-sfc-cp="" data-sfc-root="ep" data-sfc-cb="" data-hveid="CAEIAxAA" data-complete="true" data-processed="true" data-copy-service-computed-style="font-family: &quot;Google Sans&quot;, Arial, sans-serif; font-size: 16px; font-weight: 400; margin: 12px 0px 16px; text-decoration: none; border-bottom: 0px rgb(10, 10, 10);">Das Restaurant MISTER CORDON in Neuhausen am Rheinfall hat sich als feste Gr&ouml;sse f&uuml;r Liebhabende der Schweizer K&uuml;che etabliert und interpretiert das traditionelle Cordon Bleu auf moderne Weise.</div><div class="n6owBd awi2gc" data-sfc-cp="" data-sfc-root="ep" data-sfc-cb="" data-hveid="CAEIAxAA" data-complete="true" data-processed="true" data-copy-service-computed-style="font-family: &quot;Google Sans&quot;, Arial, sans-serif; font-size: 16px; font-weight: 400; margin: 12px 0px 16px; text-decoration: none; border-bottom: 0px rgb(10, 10, 10);">&nbsp;</div><div class="n6owBd awi2gc" data-sfc-cp="" data-sfc-root="ep" data-sfc-cb="" data-hveid="CAEIAxAA" data-complete="true" data-processed="true" data-copy-service-computed-style="font-family: &quot;Google Sans&quot;, Arial, sans-serif; font-size: 16px; font-weight: 400; margin: 12px 0px 16px; text-decoration: none; border-bottom: 0px rgb(10, 10, 10);">An der Industriestrasse 2, unweit des ber&uuml;hmten Rheinfalls gelegen, setzt das innovative Gastronomiekonzept konsequent auf Frische, Regionalit&auml;t und h&ouml;chste Qualit&auml;t. Jedes Cordon Bleu wird in der Schweiz von Hand zubereitet und perfekt abgestimmt, um ein erstklassiges Geschmackserlebnis aus einer knusprigen Panade und einer saftig-zarten F&uuml;llung zu garantieren.<!--TgQPHd||[]--></div><div class="n6owBd awi2gc" data-sfc-cp="" data-sfc-root="ep" data-sfc-cb="" data-hveid="CAEIBBAA" data-complete="true" data-processed="true" data-copy-service-computed-style="font-family: &quot;Google Sans&quot;, Arial, sans-serif; font-size: 16px; font-weight: 400; margin: 12px 0px 16px; text-decoration: none; border-bottom: 0px rgb(10, 10, 10);">Was das Restaurant besonders auszeichnet, ist seine aussergew&ouml;hnliche kulinarische Flexibilit&auml;t, die auf moderne Ern&auml;hrungsbed&uuml;rfnisse eingeht. Niemand muss hier auf den Schweizer Klassiker verzichten: Nahezu alle Cordon Bleus sind auf Wunsch auch als rein vegane oder vegetarische Variante sowie komplett gluten- und laktosefrei erh&auml;ltlich. Diese kompromisslose R&uuml;cksichtnahme auf Allergien und Lebensstile macht das Lokal zu einem unkomplizierten Treffpunkt f&uuml;r Gruppen und Familien mit unterschiedlichen kulinarischen Vorlieben.<!--TgQPHd||[]--></div><div class="n6owBd awi2gc" data-sfc-cp="" data-sfc-root="ep" data-sfc-cb="" data-hveid="CAEIBBAA" data-complete="true" data-processed="true" data-copy-service-computed-style="font-family: &quot;Google Sans&quot;, Arial, sans-serif; font-size: 16px; font-weight: 400; margin: 12px 0px 16px; text-decoration: none; border-bottom: 0px rgb(10, 10, 10);">&nbsp;</div><div class="n6owBd awi2gc" data-sfc-cp="" data-sfc-root="ep" data-sfc-cb="" data-hveid="CAEIBRAA" data-complete="true" data-processed="true" aria-owns="action-menu-parent-container" data-copy-service-computed-style="font-family: &quot;Google Sans&quot;, Arial, sans-serif; font-size: 16px; font-weight: 400; margin: 12px 0px 16px; text-decoration: none; border-bottom: 0px rgb(10, 10, 10);">Neben dem Essen steht das Wohlbefinden der G&auml;ste im Mittelpunkt des modernen, einladenden Ambientes. Ein durchdachtes Highlight ist der integrierte &laquo;Family Corner&raquo;: Ein liebevoll gestalteter Spielbereich mit Besch&auml;ftigungsm&ouml;glichkeiten sorgt daf&uuml;r, dass Kinder sich austoben k&ouml;nnen, w&auml;hrend die Erwachsenen ihr Essen in entspannter Atmosph&auml;re geniessen. Ob f&uuml;r den schnellen Lunch, ein ausgiebiges Abendessen mit Freunden oder die n&auml;chste Familienfeier &ndash; MISTER CORDON Neuhausen verbindet Schweizer Genusskultur mit zeitgem&auml;sser Gastfreundschaft.</div>;8.6172667;47.6807672;Industriestrasse 2;8212;Neuhausen am Rheinfall;+41 52 508 01 22;neuhausen@mistercordon.ch;https://www.mistercordon.swiss/standort/neuhausen;[{'@type': 'ImageObject', 'contentUrl': 'https://shltpimtsoch.sos-ch-dk-2.exoscale-cdn.com/catalog/5/b/d/7/5bd74b7ed3434c22341fc898777fdfe6f74e5378_IMG_20260516_WA0022.jpg'}];2026-08-10T08:47:14+02:00
da9ce522-a086-4366-a9de-ad741265215a;Hübscher Wein;Nördlichster Rebberg der Schweiz;Der nördlichste Rebberg der Schweiz liegt im idyllischen Altdorf SH. Die in den 70er Jahren angelegte Terrassen-Anlage mit über 430 Aren ist mit traditionellen Rebsorten wie Riesling Sylvaner, Blauburgunder und Cabernet Dorsa bestockt. Ebenso stehen in der Anlage auch robuste, pilzwiderstandsfähige Sorten wie Regent, Cabernet Jura, Leon Millot x Maréchal Foch und Muscaris.

Diese grosse Sortenvielfalt bietet die Grundlage für ein Sortiment an schönen und beliebten Weinen. Der Reiat ist eine schöne, Landwirtschaftlich geprägte Region mit wunderbarem Blick in die Vulkan-Landschaft  des Hegau (D). Die Bewohner und Gäste im Reiat  geniessen gerne die regional produzierten Weine. Weiss, Rosé und Rotweine insbesondere auch sorgfältig ausgewählte Cuvée sind unser Stärken.

Die Rebanlage wird nach ökologischen Grundsätzen bewirtschaftet und gepflegt. In den begrünten Terrassen findet man seltene Pflanzen, Insekten und auch biodiversitäre Flächen.

Unsere Trauben werden sorgfältig gekeltert durch die GVS Weinkellerei in Schaffhausen und in Flaschen abgefüllt.;8.702683607603296;47.74731385;Im Gatter 29;8243;Thayngen;+41794809752;raphaelhuebscher@bluewin.ch;https://www.huebscher-wein.ch/;[{'@type': 'ImageObject', 'contentUrl': 'https://shltpimtsoch.sos-ch-dk-2.exoscale-cdn.com/catalog/0/b/7/a/0b7aa3eff41327e9ed006a4dbe1de434bc09b954_20210531_rebarbeit_L1160906__2.jpg'}];2026-07-25T04:13:12+02:00
dcc4526c-68f8-4731-b59c-d7f511261513;Stammheimer Hopfentropfen Erlebnishof;Erlebnis rund um Hopfen, Malz und Bier;<p data-start="70" data-end="313">Sei Gast auf unserem Hof mitten im sch&ouml;nen Stammheimertal und lerne bei uns die Kunst des Bierbrauens. Bei einem Brauseminar weihen wir dich in die Geheimnisse der Braukunst ein und auf dem Hopfenlehrpfad erf&auml;hrst du mehr &uuml;ber den Hopfenbau.</p><p data-start="315" data-end="483">Zur Abrundung deines Anlasses kannst du dich in unserer gem&uuml;tlichen Gartenwirtschaft verpflegen lassen, feine Biere, Lik&ouml;re und Weine degustieren sowie diverse Spezialit&auml;ten kosten.</p><p data-start="485" data-end="529">Oder wie w&auml;re es mit einem Whisky-Seminar?</p><ul data-start="530" data-end="686"><li data-section-id="zingd6" data-start="530" data-end="566">Wie wird ein Whisky hergestellt?</li><li data-section-id="5cpsg6" data-start="567" data-end="605">Was hat Whisky mit Bier gemeinsam?</li><li data-section-id="1gjzpuf" data-start="606" data-end="642">Infos zur Geschichte des Whiskys</li><li data-section-id="nz1bj9" data-start="643" data-end="686">Wie wird ein Whisky richtig degustiert?</li></ul><p data-start="688" data-end="834">Viele weitere Angebote sind f&uuml;r dich und deine Gruppe erh&auml;ltlich, z.B. die Bier Ol&uuml;mp-iade, eine kulinarische F&uuml;hrung oder Hopfen als Heilpflanze.</p>;8.7803556;47.6339049;Kollbrunn 422;8476;Unterstammheim;+41 52 745 27 19;reutimann@hopfentropfen.ch;http://www.hopfentropfen.ch;[{'@type': 'ImageObject', 'contentUrl': 'https://shltpimtsoch.sos-ch-dk-2.exoscale-cdn.com/catalog/4/b/d/6/4bd69b9fdecb4c6867a196a6c2a42ccb0e24a2e3_seite_20__grosse_blase_unten_links_.jpg'}];2026-04-22T08:56:19+02:00
df389c5b-a51a-4d6a-b76e-d54a0fb38626;Altes Schützenhaus;Familie Reutimann - Ihr Gastgeber seit 1986;Oberhalb der Schaffhauser Altstadt - auf der Breite - empfängt das Alte Schützenhaus seine Gäste mit gutbürgerlicher Küche und einer grossen Auswahl an Menüs. Der lauschige Garten lädt zum Träumen ein.

Mit Räumlichkeiten für jede Art von Anlass, ist man hier auch für grosse Gruppen und Busreisen an der richtigen Adresse. Im Grossen Saal finden des Öfteren auch Jazzkonzerte statt.;8.6265911;47.6997923;Rietstrasse 1;8200;Schaffhausen;+41 52 625 32 72;info@schuetzenhaus.ch;http://www.schuetzenhaus.ch/;[{'@type': 'ImageObject', 'contentUrl': 'https://shltpimtsoch.sos-ch-dk-2.exoscale-cdn.com/catalog/6/f/2/9/6f2982ae7ca67c8f41bc3408aa3c98f4b39a26ad_Sch__tzenhaus__Schaffhausen_ssigg_.jpg'}];2026-06-19T14:19:19+02:00
e3254413-17fb-463a-87f5-4d8f58b61faa;Barkada Burger Bar;Burger Bar in Schaffhausen;<p>IT'S ALL ABOUT THE BARKADA</p><p>Your homies and friends!</p><p>Drink, eat &amp; chill with them!</p><p>&nbsp;</p><p>&laquo;Barkada&raquo; steht f&uuml;r ein geselliges Beisammensein, aber auch f&uuml;r gute Laune und ausgezeichnete Burger, f&uuml;r Cocktails mit Freunden, Food mit der Familie oder einfach eine gute Zeit zu zweit.</p><p>​Barkultur, Cocktails, Craft Beer und Naturweine, aber auch einer der beliebtesten Burger im Land &ndash; das alles ist m&ouml;glich im Barkada.</p><p>Deshalb laden wir dich und deine Barkada ein, um gemeinsam in gem&uuml;tlicher Atmosph&auml;re leckere Drinks zu g&ouml;nnen und herausragende Burger zu geniessen.</p>;8.6382124;47.6962159;Bachstrasse 16;8200;Schaffhausen;+41 52 624 00 80;info@barkada.ch;https://www.barkada.ch/;[{'@type': 'ImageObject', 'contentUrl': 'https://shltpimtsoch.sos-ch-dk-2.exoscale-cdn.com/catalog/6/f/2/2/6f22577039ed072b028170abfc38c58b71b6fa7e_Barkada_Sign.jpg'}];2026-06-20T08:38:15+02:00
e5075068-0012-4e7f-8b4a-9bea8fc9abfd;Weingut Christen;Unsere Weine - unsere Leidenschaft - unser Traum;Betrieb und Familie
Wunderschön idyllisch im Herzen des Chläggis liegt das Weingut der Familie Christen.
Im Jahr 2017 haben Jan und Nathalie den Hof von den Eltern übernommen und führen den Familienbetrieb nun in der vierten Generation mit viel Herzblut und grossem Engagement. Ihre vier Kinder machen die Familie komplett (perfekt)!
Das Weingut umfasst 5.5ha Reben auf welchen die Sorten Pinot Noir, Cabernet Dorsa, Regent, Riesling-Silvaner, Sauvignon Blanc, Pinot Gris und Muscaris gedeihen.
Doch nicht nur mit dem Rebbau bzw. Weinbau wird der Unterhalt verdient, 15 Hektar Ackerland steuern ihren Beitrag dazu bei. Der klassische Ackerbau mit dem Anbau von Lebensmitteln und Tierfutter ist bereits seit Generationen fester Bestandteil des Hofs.

Philosophie
Das Ziel der Familie Christen ist es, die gesamten Prozessschritte vom Rebstock bis ins Weinregal selber zu kontrollieren und diesbezüglich nichts dem Zufall zu überlassen. Sie wollen hochwertige Produkte herstellen hinter denen sie vollends mit ihrem Namen stehen können. Mit dieser Autonomie haben sie alles selber in der Hand, immer den Überblick über sämtliche Einzelschritte und entsprechend Freude an einem rundum gelungenen Ergebnis, nämlich ihrem gänzlich eigenen Wein.

Angebot
Das komplette Weinsortiment findet man unter www.christen-weine.ch/weine
In dem neuen Degustationsraum bewirten sie sehr gerne ihre Gäste. Für Anlässe aller Art bietet der Degustationsraum Platz für bis zu 30 Personen.
Auf Wunsch machen sie gerne eine Kellerführung, einen Rebrundgang oder beides zusammen.;8.4371492;47.6744544;In Wiesen 1;8217;Wilchingen;+41 76 748 52 73;info@christen-weine.ch;https://christen-weine.ch/;[{'@type': 'ImageObject', 'contentUrl': 'https://shltpimtsoch.sos-ch-dk-2.exoscale-cdn.com/catalog/3/a/0/7/3a07b7e3c57a72a67b606e1a850d7da100e95094_THP08555__3.jpg'}];2026-06-19T14:14:42+02:00
e846776d-f4e8-44df-8bad-c2ce4a26fe4c;Hedinger Weingut & Kellerei;Hedinger Weingut & Kellerei - Tradition und Innovation seit über 80 Jahren;Bereits seit drei Generationen schlägt das Herz der Familie Hedinger für die Weinherstellung. 
Durch den naturnahen Anbau unserer Reben entstehen die qualitativ hochwertigen Trauben, die wir in der eigenen Kellerei mit viel Leidenschaft und Fachwissen zu Spitzenweinen verarbeiten.

In unserem Concept Stores in Wilchingen und Zürich führen wir neben unseren Weinen und dem hauseigenen Aceto auch dänische Mode, Deko und allerlei Schönes. 

Durch Degustationen und Kellerführungen auf unserem Weingut in Wilchingen führen wir dich in die Welt des Weines ein. Auch ein Besuch in unserer Besenbeiz „Wiiplatz“, wo während der Sommermonate jeden Donnerstagabend der Genuss am Wein zelebriert wird, lohnt sich!;8.466607427760795;47.6677984;Hauptstrasse 46;8217;Wilchingen;+41526812572;weingut@hedinger.ch;http://www.hedinger.ch;[{'@type': 'ImageObject', 'contentUrl': 'https://shltpimtsoch.sos-ch-dk-2.exoscale-cdn.com/catalog/2/c/6/5/2c652fab965131fdf623541754710429462f22ec_wilchingen_hedinger_weingut_kellerei_familie_hedinger.jpg'}];2026-06-19T22:16:39+02:00
e8e5f9b0-fa76-4a15-9a91-f740bb6ca449;Restaurant Grünerbaum;Das Restaurant ist auf dem SIG Areal in der ehemaligen Eisenbahnwagon-Fabrik am Rhein,  beim SBB Bahnhof Neuhausen am Rheinfall zu finden. Die Gäste dürfen sich auf ein Selbstbedienungsangebot zu Migros-Restaurant-Preisen freuen. Ob zum Znüni, zum Mittagessen, zum Apéro oder zum Abendessen.;Die Gäste dürfen sich auf ein Selbstbedienungsangebot zu Migros-Restaurant-Preisen freuen. Ob zum Znüni, zum Zmittag, zum Apéro oder zum Znacht – im Grünerbaum sollen sich Gäste von den umliegenden Firmen, Neuhauser*innen sowie Touristen aus dem In- und Ausland wohlfühlen. Das Restaurant ist sieben Tage pro Woche geöffnet.

Die Migros verfügt über eine breite gastronomische Kompetenz: Sie führt Migros-Restaurants und Take-Aways sowie diverse Restaurants an Schulen und in Firmen und sorgt mit den hauseigenen Catering Services für kulinarischen Genuss bei privaten und öffentlichen Anlässen. Die Erfahrungen aus all diesen Bereichen fliessen in das Angebot des Restaurants Grünerbaum ein.;8.6190403;47.6793922;Heinrich Moser-Platz 1;8212;Neuhausen am Rheinfall;+41 58 712 01 80;GG-5690-Gruenerbaum-Neuhausen@gmos.ch;https://www.restaurant-gruenerbaum.ch/;[{'@type': 'ImageObject', 'contentUrl': 'https://shltpimtsoch.sos-ch-dk-2.exoscale-cdn.com/catalog/5/e/a/5/5ea5950eeb8e0c674320587435182aa936f0dfa5_restaurant_gruenerbaum.jpg'}];2026-06-15T08:54:40+02:00
eabc53c3-c5d3-4378-8175-3b89f2579091;Flurlinger Fonduegondel;Steige ein und geniesse ein Fondue in dieser einmaligen Location.;<p>In der Berggondel direkt am Rhein dein Fondue geniessen. Das ist m&ouml;glich vom 14. November 2025 bis 18. Januar 2026 im Rheintalgarten in Flurlingen. In gem&uuml;tlich eingerichteten Gondeln bieten wir ein einmaliges Erlebnis!</p>;8.626434688621575;47.68601923239259;Gründenstrasse 31;8247;Flurlingen;https://www.flurlingen-fonduegondeln.ch/Kontakt;[{'@type': 'ImageObject', 'contentUrl': 'https://shltpimtsoch.sos-ch-dk-2.exoscale-cdn.com/catalog/e/d/4/6/ed46cf2bb098437aa9b7f4662aa8c538aed57f6e_flurlinger_fonduegondel__2_.jpg'}];2026-05-16T08:58:47+02:00
eb875fbc-64fd-4b8c-954d-20b8dfd63d11;Gysel 175 Weingut;Wir sind ein Familienbetrieb aus Wilchingen und bewirtschaften 5 ha Reben.;<p>Zwei Generationen arbeiten in unserem Betrieb Hand in Hand. Im Einklang mit der Natur produzieren wir seit 1980 von Jahr zu Jahr einzigartige Weine. So zeichnet sich unser Weingut durch viel Engagement, Erfahrung und Herzblut aus. Wir freuen uns, Sie auf unserer Webseite und nat&uuml;rlich auch pers&ouml;nlich bei uns in Wilchingen zu begr&uuml;ssen.</p>;8.4646858;47.667766;Hauptstrasse 74;8217;Wilchingen;+41 52 681 25 49;info@gysel175.ch;https://gysel175.ch;[{'@type': 'ImageObject', 'contentUrl': 'https://shltpimtsoch.sos-ch-dk-2.exoscale-cdn.com/catalog/b/d/b/2/bdb2bcfafe2a858bfed4d64a98970a8e0d479629_Gysel_175_Weingut_Personen_mit_Hemd___413KB.jpg'}];2026-06-19T22:16:46+02:00
eec9716b-8034-4938-84ad-e999f1511335;Kronenhalle;Zum Verweilen bei Kaffee und Kuchen, Softeis oder dem Apéro.;<p>Bei deiner Durchreise durch Schlaate befindet sich unsere Kronenhalle direkt auf deinem Weg. Wir verf&uuml;gen &uuml;ber gen&uuml;gend Parkm&ouml;glichkeiten f&uuml;r E-Bikes und Motorr&auml;der. Auch die Buslinie liegt f&uuml;r Wandernde nur ein &laquo;Sprung&raquo; weit entfernt.&nbsp;</p><p>So bietet sich ein Halt an, um am lauschigen Bach zu sitzen oder im Schatten des ehrw&uuml;rdigen Hauses eine Pause ein zu legen.</p><p>Geniesse ein k&uuml;hles Getr&auml;nk und etwas Herzhaftes oder feinsten Kuchen und Kaffee.</p><p>Schon bald steht unser Holzbauchalet auf dem Platz, wo wir unser gluschtiges Fondue servieren.... nehmen sie mit uns telefonisch Kontakt auf f&uuml;r eine reservation als Gruppe, Verein, Firma oder einfach f&uuml;r einen gem&uuml;tlichen Abend zu Zweit!</p>;8.4845902;47.7488818;Randenstrasse 2;8226;Schleitheim;+41 76 267 94 14;kronenhalle8226@gmail.com;https://kronenhalle8226.wixsite.com/kronenhalle-1;[{'@type': 'ImageObject', 'contentUrl': 'https://shltpimtsoch.sos-ch-dk-2.exoscale-cdn.com/catalog/7/2/a/7/72a7b905b41849b085c77c9afaad4996c8cfd038_schleitheim_cafe_kronenhalle_oktober_herbst__3_.jpg'}];2026-09-01T08:32:08+02:00
eee0a9b7-724b-4a9e-a43b-1330f75877c4;WeinLOKAL;Das WeinLOKAKL in Stein am Rhein ist ein gemütlicher Weinladen und Treffpunkt in der Altstadt mit einer grossen Auswahl an Weinen von Steiner Produzenten und Möglichkeiten für Degustationen.;<ul><li>Weinladen in der Altstadt mit &uuml;ber 50 Steiner Weinen</li><li>Degustationen im Laden bis 10 Personen, Ap&eacute;ros bis 20 Personen</li></ul><p>Die Weinfreunde Stein am Rhein organisieren f&uuml;r Gruppen bis zu 200 Personen Ap&eacute;ros und Weindegustationen, z.B. im Kloster St. Georgen oder B&uuml;rgerasyl.</p>;8.858377376615902;47.660209699999996;Understadt 9;8260;Stein am Rhein; info@weinlokal-stein.ch;https://www.weinlokal-stein.ch/;[{'@type': 'ImageObject', 'contentUrl': 'https://shltpimtsoch.sos-ch-dk-2.exoscale-cdn.com/catalog/3/b/7/b/3b7bc2e013e8e369626f4ac77fd342ef709b44a1_Wiil__delizumRaben.jpg'}];2026-06-12T14:31:14+02:00
ef394e79-ba12-4773-bc9a-52e5ad35ab88;OSO – by Betty Cuadro Gandul;OSO – Art of Tapas bietet moderne, kreative spanische Tapas, hochwertige Produkte und eine authentische, handwerkliche Küche.;<p><span data-olk-copy-source="MessageBody">OSO &ndash; Art of Tapas vereint moderne spanische K&uuml;che, kreative Tapas und hochwertige Produkte.</span></p><p><span data-olk-copy-source="MessageBody">Erg&auml;nzt wird das Angebot durch &laquo;La Cabra&raquo;, unser neues Gourmet Take-away mit handgemachten Sandwiches und Spezialit&auml;ten f&uuml;r unterwegs &ndash; perfekt f&uuml;r Schaffhausen und den Rhein.</span></p>;8.6354848;47.696999;Stadthausgasse 6;8200;Schaffhausen;+41 76 439 77 91;info.osorestaurant@gmail.com;https://osoartoftapas.com/;[{'@type': 'ImageObject', 'contentUrl': 'https://shltpimtsoch.sos-ch-dk-2.exoscale-cdn.com/catalog/6/6/1/e/661e5555b526bd6cafb973b0ef9b10bb1243f90d_oso_taps_schaffhausen_2.jpg'}];2026-06-29T16:51:08+02:00
f2ee380e-2a3b-4df9-bf51-fd7b8698d7af;Gmaandhuus Wilchingen;Im Gmaandhuus Wilchingen empfängt Euch nicht nur ein gemütliches Ambiente und köstliches Essen, sondern auch ein eingespieltes Team, das mit Herzblut und Leidenschaft für Euer Wohl sorgt.;Idyllisch gelegen im Dorfkern von Wilchingen empfängt das Gmaandhuus mit seinem einladenden Ambiente und köstlichen Speisen. Das Gasthaus bietet für jeden Anlass den perfekten Rahmen. Die gemütliche Gaststube im Erdgeschoss lädt zum Verweilen und Geniessen ein wobei der Saal im Obergeschoss genügend Platz für Familienfeiern, Vereinsanlässe und andere Festivitäten bietet. Die sonnige Gartenwirtschaft runden das Angebot ab und lädt zu lauen Sommerabenden im Feien ein.;8.46987815;47.667168849999996;Hauptstrasse 21;8217;Wilchingen;+41 52 503 70 30;info@gmaandhuus.ch;https://gmaandhuus.ch/;[{'@type': 'ImageObject', 'contentUrl': 'https://shltpimtsoch.sos-ch-dk-2.exoscale-cdn.com/catalog/2/b/5/e/2b5ecb065bc873d6ad236001b06d5d6161bb9cb3_wilchingen_gasthof_gemeindehaus_oktober_herbst__4_.jpg'}];2026-06-12T14:31:20+02:00
f615b1b7-6d96-4883-a50a-91cca34e99b8;Restaurant Rathauskeller;Im Herzen von Hallau.;Der Rathauskeller ist für seine traditionelle und abwechslungsreiche Küche bekannt.

Wir verwöhnen unsere Gäste nicht nur mit einfachen aber schmackhaften Klassikern, sondern auch mit einer umfangreiche Getränkekarte, welche sowohl regionale als auch internationale Weine umfasst.;8.4600362;47.6976701;Hauptstrasse 48;8215;Hallau;+41 52 681 31 38;info@rathauskeller-hallau.ch;https://rathauskeller-hallau.ch/;[{'@type': 'ImageObject', 'contentUrl': 'https://shltpimtsoch.sos-ch-dk-2.exoscale-cdn.com/catalog/e/d/b/a/edba750d671d1ad1121f101fe590551a975734d8_Rathauskeller_01.jpg'}];2026-06-19T08:40:34+02:00
f7937dfb-efe9-4dda-aa75-f220db2dc4ab;aagne weingut;Gute Weine aus guten Trauben;«aagne» bedeutet im Dialekt «eigen». Und das sind sie, die Weine vom aagne weingut – selbst gemacht. Seit mehreren Generationen pflegt die Familie Gysel Saxer und ihr Team mit viel Herzblut ihre Weinberge. Mit ihrer Erfahrung und gleichzeitig neuen Ideen vinifizieren sie hervorragende Weine. Das Traubengut stammt aus heimischen Terroirs und wird mit Sorgfalt von Hand gelesen.

Die Weine begeistern die Fachwelt – schon mehrfach wurden sie ausgezeichnet. Die Begeisterung für Rebe und Wein sowie die Motivation etwas Gutes zu produzieren, bilden den Grundstein von «aagne».;8.455532789603831;47.7025139;Oberwiesenstrasse 47;8215;Hallau;+41 52 681 38 10;info@aagne.ch;http://www.aagne.ch;[{'@type': 'ImageObject', 'contentUrl': 'https://shltpimtsoch.sos-ch-dk-2.exoscale-cdn.com/catalog/d/2/1/f/d21f466221fea6d70d6994c734827e888e03fe65_aagne_weingut_5.jpg'}];2026-05-15T08:56:19+02:00
f8fc3451-ec4f-4153-8e69-5921bc35694e;Sigrist Weinbau - Eigenkelterung;Qualitätsweine seit 1977;Am südlichsten Punkt des Kantons Schaffhausen befindet sich unser 11.3ha umfassende Familien-Betrieb. Die 0.7ha Reben bewirtschaften und pflegen wir in 3. Generation das ganze Jahr in liebevoller Handarbeit. Genau so liebevoll keltern wir auch unsere Weine im eigenen Keller selbst ein.

Unser Sortiment umfasst verschiedene Weine aus unserer Blauburgunder-Traube, wie den Federweisser, den Rosé, den klassischen Blauburgunder und den «Alti Rebe» Pinot Noir Barrique, den wir aufgrund unserer über 40 Jahre alten Rebstöcken keltern dürfen. Abgerundet wird unser Angebot durch die Weissweine Riesling-Silvaner und Chardonnay Barrique.

Besuchen Sie uns gerne im schönen Murkathof und probieren Sie unsere trockenen Weine oder schauen Sie gerne auf unserer Homepage www.sigrist-weine.ch oder auf Facebook und Instagram unter @sigristweine vorbei.;8.5584032535553;47.55750130059444;Murkathof 8;8454;Buchberg;+41 44 867 25 37;sigrist-weine@bluewin.ch;http://www.sigrist-weine.ch/;[{'@type': 'ImageObject', 'contentUrl': 'https://shltpimtsoch.sos-ch-dk-2.exoscale-cdn.com/catalog/c/f/8/3/cf83fd41498bc0d1687c94baff8a3e2b74354800_Murkathof.jpg'}];2026-06-15T08:55:45+02:00
fbb854a7-b9d2-49cb-af5d-bea19f29dc26;Santa Lucia Schaffhausen;Das Beste aus der italienischen Küche;Im Ristorante Santa Lucia mitten im Herzen der Stadt Schaffhausen geniessen Pizza- und Pasta-Liebhaber mediterrane Gerichte aus dem südlichen Nachbarland. Freunde der italienischen Küche kommen dabei voll auf ihre Kosten. Von Bruschette, über Pizza und Pasta bis hin zum Tiramisù – im Santa Lucia muss man auf keinen der italienischen Klassiker verzichten. Die knusprigen Pizze kommen direkt aus dem Holzofen auf den Tisch, die Pasta-Variationen sowie die typischen Fleisch- und Fischgerichte lassen keine Wünsche offen. Im Sommer lädt die Terrasse auf dem Fronwagplatz ein zum Sehen und Gesehen werden.;8.6332805;47.6970579;Schwertstrasse 1;8200;Schaffhausen;+41 52 625 22 55;schaffhausen@santalucia.ch;https://www.bindella.ch/restaurants/santa-lucia-schaffhausen;[{'@type': 'ImageObject', 'contentUrl': 'https://shltpimtsoch.sos-ch-dk-2.exoscale-cdn.com/catalog/9/4/d/0/94d053789487d9975d93c1c24a9422758b6f9056_sh_santa_bindella_4307.jpg'}];2026-06-19T08:03:25+02:00
